IDLink,Title,Headline,Source,Topic,PublishDate,SentimentTitle,SentimentHeadline,Facebook,GooglePlus,LinkedIn
11880,UK tipped to become world's fourth-largest economy in 2030s,"The UK will surpass both Germany and Japan in the next two decades to become the fourth-largest economy in the world, the Centre for Economics and Business Research (CEBR) has predicted. The CEBR report also released a future world economic league table. &quot;The UK's strength is its cultural diversity and its strong position in software and IT applications. ",International Business Times via Yahoo UK & Ireland News,economy,2015-12-26 00:19:00,0,0.0363092188706945,5,0,0
14914,New Windows 10 stats show Microsoft is closely watching you  but ...,Microsoft's Yusuf Mehdi has published a new blog post discussing various aspects of Windows 10 adoption and how quickly the OS is being,ExtremeTech,microsoft,2016-01-07 19:20:24,0.0387049609447694,-0.0843919502240957,236,26,5
19036,Any talk about economy missing in U.S. presidential race,"On both the Republican and Democratic sides, the state of the world's largest economy is mentioned, of course. But the exchanges in debates",The Japan Times,economy,2016-01-24 08:54:19,0.167996000696445,0.0260643017571343,0,0,0
40812,Sanders Will Travel To Vatican To Speak About 'Moral Economy ...,"Sanders Will Travel To Vatican To Speak About 'Moral Economy' on how to create &quot;a moral economy,&quot; he announced Friday morning.",TPM,economy,2016-04-08 14:21:20,0.158113883008419,0.130321508785672,38,0,0
36947,Sunway Property offers buyers financial help amid softer economy,Sunway Property managing director Sarena Cheah said that this was to address issues arising from economic uncertainties that were affecting,The Star Online,economy,2016-03-29 10:59:23,0.0694444444444443,0,185,1,1
35711,Art Basel Hong Kong Braces for a Slower Economy,"As China's economy slows, galleries at Art Basel Hong Kong are taking smaller risks, focusing on top-selling names and emerging artists.",Wall Street Journal (subscription),economy,2016-03-23 11:00:45,-0.0416666666666667,0.186550626811159,7,3,4
31599,Microsoft Kuwait to host 'Innovation Bazaar',"KUWAIT: Microsoft Kuwait will showcase the latest innovative solutions at the """"""Microsoft Innovation Bazaar"""""" on Sunday 20th March 2016 from",Kuwait Times,microsoft,2016-03-15 19:06:37,-0.102062072615966,0.0860309002014606,0,0,0
99367,Scots MP to raise parliamentary questions over Palestinian ...,AN outraged MP is to raise a parliamentary question demanding answer over how a Palestinian photo-journalist planning a tour of Scotland to show his work,Herald Scotland,palestine,2016-06-02 00:35:40,0.0349133973210858,-0.178452063799696,2,0,0
100109,Obama could soon endorse Hillary Clinton,President Obama will soon publicly endorse Hillary Clinton and will aggressively campaign for her the coming months. ,ABC 15 Phoenix,obama,2016-06-06 13:32:00,-0.0510310363079829,0.159164003930094,2,0,0
42753,Red Thursday: Alberta opts to spend big to keep economy from ...,"Ceci told reporters that making deep cuts to a tanking oil-powered economy would only make things worse. """"""We are continuing to put the pedal",680 News,economy,2016-04-15 15:01:17,-0.265392798091886,0.04544,0,0,0
46297,"China's Economy: Powerhouse, Menace, or the Next Japan","Featuring: Arthur Kroeber Author, China's Economy: What Everyone Needs to Know (Oxford, April 2016); Founder, Gavekal Dragonomics read more ",Center for Strategic and International Studies,economy,2016-04-29 17:08:00,0.0441941738241592,0.0420663061955886,0,0,0
14356,Ag tech could boost Tri-City economy,"Alexis Holzer, associate director of economic development for WSU, attended the Oregon version and decided the topic was ripe for study at",Tri-City Herald,economy,2016-01-06 01:00:25,0.0944911182523068,0,1,0,26
5279,Climate talks: Why Bill Gates expects to pledge $1 billion for 'clean energy',"Microsoft co-founder Bill Gates is expected to announce $1 billion, and perhaps more, in support of clean-energy technologies while in Paris for the global climate summit. ",The Christian Science Monitor,microsoft,2015-11-28 08:39:00,0.0360843918243516,-0.173205080756888,53,4,4
101601,"Obama's Drone Revamp Gives Military Bigger Responsibility, Keeps ...","WASHINGTON""""""A long promised plan by President Barack Obama to shift control of U.S. drone campaigns around the world gives the U.S",Wall Street Journal,obama,2016-06-16 15:42:43,0,0.0191366386154936,64,8,35
26073,Spending in the economy slowed in January,Economy-wide spending slowed in January after solid growth in 2015 according to the latest Commonwealth Bank Business Sales Indicator,The Sunshine Coast Daily,economy,2016-02-21 21:20:26,0,-0.0358462084172753,0,0,0
49921,Advertising and bloatware is about to invade your Start Menu in Windows 10,"Microsoft has done a tremendous job with Windows 10 in so many ways, which is even more impressive when you consider that the company's prior release was nothing short of a disaster. Microsoft knew it had fallen behind in mobile, so it tried to make Windows 8 as tablet-friendly as it could. What the company seemingly forgot, however, was that most people use Windows on a laptop or desktop, and a ",BGR News via Yahoo! News,microsoft,2016-05-16 07:29:00,-0.0180421959121758,-0.109429819343505,27,0,0
47137,Indonesia Growth Fails to Pick Up in Setback to Jokowi Reforms,"Indonesia’s economy grew less than analysts expected in the first quarter, a setback to President Joko Widodo’s efforts to rejuvenate growth on the back of increased government spending. ",Bloomberg via Yahoo! Finance,economy,2016-05-03 21:08:00,-0.160177901806937,-0.0171163299220364,0,0,0
41685,"Microsoft Surface phone expected to launch by 2017, will come in 3 variants: report","Microsoft's Surface Phone, which the company's CMO Chris Capossella referred to as a breakthrough device, will launch in 2017, according to a report. The report on Windows Central blog cites sources from Microsoft, and says that the phone's launch the Surface Phone will come in three different variants based on pricing and markets. It also says that the Surface Phone will also mean an end for ",The Indian Express via Yahoo! India News,microsoft,2016-04-12 02:39:00,-0.040093768693724,0.091303346294834,0,0,0
17971,The Economy in 2016,"As a young person, I have a great interest in understanding how the economy performs and what drives movements in the markets. Every year I",Huffington Post,economy,2016-01-19 19:00:19,0,-0.3775,3,0,0
54593,Microsoft won't build driverless cars like Google and Apple,"Microsoft will not be building a driverless car, it has confirmed - but that doesn't mean it won't be heavily involved in the market. With Google",TrustedReviews,microsoft,2016-06-06 10:40:13,-0.208333333333333,-0.1,0,0,2
53835,Our zeal for antibiotics in agriculture could become an economic ...,A display of MRSA bacteria strain inside a petri dish containing agar jelly for bacterial culture in a microbiological laboratory. MRSA is a,PBS NewsHour,economy,2016-06-02 18:00:10,0.0790569415042095,-0.0293223394767761,54,2,0
25533,Which Oscar 2016 Nominee Do You Look Like? New Microsoft Site ...,"RTR4646Y Actress Kate Winslet, who has been nominated for an Academy Award for her role in the movie &quot;Steve Jobs.&quot; A leaked Microsoft",International Business Times,microsoft,2016-02-18 20:01:33,0.138349647632367,-0.024514516892273,2,0,0
104639,"As President Obama makes history, Hillary Clinton benefits","Hillary Clinton has plenty of staffers, surrogates, and supporters to sing her praises and vouch for her presidential qualifications, and they're",MSNBC,obama,2016-07-06 14:00:13,-0.0441941738241592,0.027277236279499,302,0,0
11776,IMF: Iran's economy will suffer until sanctions lifted,"Iran's economy will continue to suffer until international sanctions are lifted and the country is able to significantly lift oil exports, the International",Al-Arabiya,economy,2015-12-22 00:00:00,-0.0758666650648065,0.0556038437485533,-1,-1,-1
406,Bryan Gould: Unemployment rate is proof economy is failing,The unemployment figure announced last week at 6 per cent and rising is a disgrace - not only a personal tragedy for individuals and families,New Zealand Herald,economy,2015-11-10 00:56:13,-0.125,0.0962931148249687,87,0,0
45808,"Microsoft, Alphabet Disaapoints Nasdaq; Apple's Report Eyed To ...",Tech giants Microsoft (MSFT) and Alphabet (GOOGL) Google's parent company equally disappointed Wall Street after scoring double whammy,University Herald,microsoft,2016-04-28 12:22:32,0,-0.360919086230634,8,0,0
20423,"Cloud, Surface are the highlights of Microsoft's $23.8 billion quarter","Microsoft posted revenue of $23.8 billion in the second quarter of its 2016 financial year, down 10 percent from the same quarter a year ago.",Ars Technica,microsoft,2016-01-28 23:09:28,0.0164930555555557,-0.197821393847667,46,31,20
42117,America itself is emerging as tax haven,America is emerging as a top tax haven alongside the likes the Cayman Islands and Panama. ,ABC 15 Phoenix,economy,2016-04-06 11:31:00,-0.0472455591261534,-0.09375,-1,-1,-1
64030,White House fence jumper who put Obama family Thanksgiving on ...,The man who scaled the White House fence draped in an American flag and disrupted the Obamas' Thanksgiving celebrations Thursday has,Daily Mail,obama,2015-11-27 18:04:37,-0.0768609153513149,0.0045462060465831,9,0,0
80127,How should Obama pick a replacement for Scalia?,"Erwin Chemerinsky, the dean of the School of Law at the University of California, Irvine, is the author of &quot;The Case Against the Supreme Court.&quot;.",CNN,obama,2016-02-25 20:55:03,0,0.168393828513641,16,2,0
40800,Transdniestria asks Russia for financial assistance,"TIRASPOL, April 8. /TASS/. Authorities of Moldova's unrecognized Transdniestria have addressed Russia for financial assistance to settled",TASS,economy,2016-04-08 14:41:17,0.204124145231932,0.046875,5,1,1
30946,Sri Lanka's credit- card economy,That the economy is in dire straits is no secret anymore; that the country is on an economic downturn is also evident and cannot be hidden from,The Sunday Times Sri Lanka,economy,2016-03-12 20:00:32,0.153729673453111,-0.134314125123976,2,0,0
13439,Slow year ahead amid sluggish demand,"Manufacturing, which makes up a fifth of the Singapore economy, shrank about 5 per cent last year over levels the year before - it was the main",The Straits Times,economy,2016-01-02 21:40:21,-0.143170407419618,0.0416666666666668,24,0,0
83859,Boris Johnson blasted by Sir Winston Churchill's grandson over ...,Sir Winston Churchill's grandson blasted Boris Johnson today after the Mayor of London launched a blistering attack on Barack Obama and,Daily Mail,obama,2016-03-15 11:29:05,-0.166666666666667,0,1049,10,51
95374,Obama invites Pakistani tech entrepreneur to address global summit,"P@SHA President Jehan Ara who has been invited by The White House at 7th Annual Global Entrepreneurship Summit at Stanford University,",The Express Tribune,obama,2016-05-08 05:55:14,0,-0.145094931964235,81,0,27
32401,Microsoft not planning a second wave release for the Windows 10 ...,"Microsoft released Windows 10 Mobile for some Windows Phone 8.1 devices just yesterday. In case you don't know, Windows 10 Mobile is",MSPoweruser.com,microsoft,2016-03-18 16:40:37,-0.0115291373026972,-0.00127453185483644,35,0,1
77663,Palestinian leader likely to visit India,"A senior leader who is seen as the frontrunner to succeed President Mahmoud Abbas of Palestine is likely to visit India next week.Mohammad Mustafa, CEO of the Palestine Investment Fund (PIF), will pr ",The Hindu,palestine,2016-02-12 13:15:00,-0.114819831692961,-0.112545946499771,3,0,0
53399,Microsoft opens Windows Holographic to partners for a new era of mixed reality,"TAIPEI, Taiwan, June 1, 2016 /PRNewswire/ -- Wednesday at Computex 2016, Microsoft Corp. invited its Windows 10 hardware partners to create virtual reality (VR) devices, augmented reality devices and everything in between with Windows Holographic, the platform that powers Microsoft HoloLens. In opening up Windows Holographic to partners, Microsoft shared its vision for mixed reality — a world ",PR Newswire via Yahoo! Finance,microsoft,2016-06-01 00:01:00,-0.283128225156627,0.0101117223270225,0,0,0
42590,"China's economy slows to 6.7 percent, lowest since crisis","HONG KONG """""" Official data shows that China's economic growth has slowed in the first quarter to 6.7 percent compared with the previous year.",Fox News,economy,2016-04-15 05:21:18,-0.176776695296637,-0.0333126119305641,0,0,0
83240,The Middle East Is Unravelingand Obama Offers Words,"Jeffrey Goldberg has conducted the most extensive autopsy of President Obama's foreign policy""""""and revealed that it is based on the doctrine",The Atlantic,obama,2016-03-11 14:35:05,-0.0833333333333333,0,186,2,13
72699,L'Algrie vient de verser 26 millions de dollars  la Palestine,"Dimanche, l'Alg""""rie a vers"""" une aide de 26 millions de dollars """" la Palestine en guise d'aide et de soutien. La d""""marche a """"t"""" officiellement",Katibn,palestine,2016-01-15 00:25:11,0,-0.1,645,80,0
4104,"Argentina ETF Lower: Economic Challenges, Creditor Agreement ...",The key economic challenges facing Macri are to boost reserves; tackle the widening fiscal deficit (which is likely to reach around 7% of GDP by,Barron's (blog),economy,2015-11-23 15:40:15,-0.0708683386892301,-0.044652156769485,2,0,0
945,"Xi's attendance at G20, APEC meetings to promote global economic ...","BEIJING, Nov. 11 (Xinhua) -- Chinese President Xi Jinping's scheduled attendance at an upcoming G20 summit and the Asia-Pacific Economic",Xinhua,economy,2015-11-11 08:20:13,0,0.0286769667338202,5,0,0
20939,digital economy,The digital economy is the worldwide network of economic activities enabled by information and communications technologies (ICT). It can also be defined more,TechTarget,economy,2016-01-30 17:56:20,0.0883883476483184,-0.078192905271403,1,0,1
41834,Oil price plunge drops Saudi Arabia's credit rating global economy ...,"The agency also noted increased tensions with long-time rival Iran and greater uncertainty over economic policy, now overseen by Deputy",Daily Mail,economy,2016-04-12 17:41:16,0.0988211768802618,-0.0818317088384971,40,1,5
78936,"After Palestine talk, Harvard donor stops sponsoring events","After Palestine talk, Harvard donor stops sponsoring events. The New York-based law firm Milbank asked that its donation of $1 million be",Press Herald,palestine,2016-02-19 15:35:10,-0.0331456303681194,-0.0244292487490803,2,0,0
82422,"Library book sales planned in Tyler, Palestine","From fiction to fitness, there's something for every reader in the annual Spring Book Sale opening this week at the Tyler Public Library. Shelves",Tyler Morning Telegraph,palestine,2016-03-08 23:15:11,0.0944911182523068,0.0701676749234765,0,0,0
19068,Chinese economic turmoil rattles the Northwest,"With that country's stock market now in freefall, and its industrial economy slamming on the brakes, nLight is also cutting back as the economic",OregonLive.com,economy,2016-01-24 14:07:26,-0.204124145231932,0.204124145231932,4,1,18
73798,National Labor Relations Board rejects Shurat HaDin complaint ...,"Shurat Hadin is an Israeli organization that uses legal cases to harass supporters of Palestinian rights and critics of Israel, a strategy known as",Mondoweiss,palestine,2016-01-22 00:58:39,-0.0196418550329598,-0.0255155181539914,45,1,1
20473,Microsoft beats Wall Street view on high demand for cloud products,"(Reuters) - Microsoft Corp reported quarterly revenue and profit that beat analysts' expectations, driven by aggressive cost cutting and growing demand for its cloud products and services. Chief Executive Satya Nadella has focussed on cloud services and mobile applications on slower growth in its traditional software business. Redmond, Wash.-based Microsoft's stock had climbed more than 26 ",Reuters via Yahoo! Sports,microsoft,2016-01-28 16:39:00,-0.334960259366859,0.0315094796831781,0,0,0
23932,Microsoftin puhelinliiketoiminta vaikeuksissa yhti vhent ...,"Kes""""ll"""" Microsoft ilmoitti v""""hent""""v""""ns"""" Suomessa olevista 3 500 ty""""paikasta enint""""""""n 2 300. Samassa yhteydess"""" Microsoft ilmoitti",Helsingin Sanomat,microsoft,2016-02-10 00:00:00,0,0,18,0,0
89032,Barack Obama reluctantly returns to the campaign trail with rare Fox ...,When President Barack Obama decides to give a keynote interview to Fox News it is a sure sign that something is stirring. For the past eight,Telegraph.co.uk,obama,2016-04-07 07:15:07,-0.273244656023598,-0.0139232338845901,2,0,0
10518,"Windows 10 Build Released, HoloLens Showcase: Microsoft Roundup","If you were busy with last-minute holiday shopping this week, you may have missed Microsoft's updates on Windows 10, HoloLens, and",InformationWeek,microsoft,2015-12-19 15:20:23,0.0472455591261534,-0.00681930906987476,15,7,5
47437,"Finance Minister replies Ezekwesili, rejects 'opaque, archaic ...","""""""What did not work in 1984 cannot possibly be a solution in a global economy that's much more integrated,"""""" Mrs. Ezekwesili pointed out.",Premium Times,economy,2016-05-05 12:10:27,0,-0.228919827505246,228,2,0
64550,GOP rebuffs Obama's climate plans as UN conference starts,Senior congressional Republicans attacked President Obama's climate agenda over the weekend before he left for a major climate summit in,The Hill,obama,2015-11-30 16:24:36,-0.0416666666666667,-0.0559016994374947,509,1,0
28221,Airlines are making economy class even worse,"But the basic features of economy-class air travel are steadily becoming privileges, not rights. More and more airlines are offering tickets for",Quartz,economy,2016-03-01 14:30:25,-0.142277376555126,-0.161598670894233,20,1,17
68399,Here's a Video of President Obama Saying &quot;Merry Christmas&quot; Over ...,"One of the more bizarre paranoias of modern U.S. political culture concerns the so-called &quot;War on Christmas,&quot; in which liberals are alleged to",Slate Magazine (blog),obama,2015-12-22 20:56:44,-0.0721687836487032,0.0541265877365274,916,0,0
39390,Microsoft is taking its cues from Facebook as it totally shakes up Office,"Similarly, the most exciting thing to happen to Microsoft Office in the last ten years was probably the demise of Clippy, and yet it's still the center of many millions",Business Insider,microsoft,2016-04-02 18:59:19,0.340909495596755,-0.190507468910031,36,10,329
52414,US economy grew at 0.8 per cent rate in first quarter,"WASHINGTON - The U.S. economy's slowdown in growth at the beginning of the year wasn't quite as bad as first thought, thanks to a bigger boost from housing and less drag from business investment and trade. The gross domestic product, the broadest measure of economic output, grew at an annual ",The Moose Jaw Times Herald,economy,2016-05-27 06:13:00,0.0296463530640786,-0.0795855897600777,0,0,0
21231,"Microsoft Lumia, Surface and Band 2: Top must-have accessories","Some must-have accessories are now available for the new Microsoft Lumia phone, the Surface tablet and the latest Band at reasonable prices",International Business Times UK,microsoft,2016-02-01 11:54:28,0.0833333333333333,0.230234665521353,2,7,3
100213,What Modi hopes to get out of his latestand possibly laststate ...,"""""""Well, there is nothing Obama can give at this time,"""""" says Manoj Joshi, a fellow at Observer Research Foundation, a New Delhi-based think",Quartz,obama,2016-06-07 00:35:32,-0.0580123955218886,0.0395730241121885,17,1,12
27932,"Microsoft to ship developer HoloLens for $3,000 in March","Microsoft says it will start shipping a developer version of its augmented reality device, HoloLens, for $3,000 on March 30. ",Washington Post,microsoft,2015-03-01 07:21:00,-0.0441941738241592,-0.147313912747197,-1,-1,-1
60338,"Utahns' confidence in the state economy is increasing, survey says","The economy in Utah is flourishing, according to an economic consultant. And a new survey shows that Utahns are feeling quite ",Deseret News,economy,2016-06-28 16:30:00,0.158113883008419,-0.0147751696513952,-1,-1,-1
43142,Disruptions from twin quakes in southern Japan hit economy,"TOKYO (AP) """""" The twin earthquakes that have paralyzed parts of southern Japan are having ripple effects far beyond the disaster zone, with Toyota Motor",Business Insider,economy,2016-04-18 05:41:15,0.0520833333333333,-0.312565097386395,0,0,0
21801,Opposition claims Fine Gael and Labour figures on the economy just ...,"A Fine Gael spokesman said: """"""Fianna F""""il and others opposed all of our policy measures which have delivered the growth in the economy to",Irish Examiner,economy,2016-02-03 02:20:24,-0.00628148634537007,-0.1125,0,0,6
73819,Palestine police investigating crash involving bicyclist,"About 2 p.m., the Palestine Police Department Patrol Division was dispatched to the 1500 block of West Palestine Avenue after a report that a",NewsWest9.com,palestine,2016-01-21 22:05:30,0.023814483610392,-0.0716768298321195,0,0,0
36986,Non-profit luring small businesses to St. Louis to boost economy,"ST. LOUIS (KTVI) - Young entrepreneurs are settling in St. Louis at a rapid rate, starting or expanding their respective businesses. They're",fox2now.com,economy,2016-03-29 05:41:14,-0.188444590361102,-0.190940653956493,9,0,0
6395,Is a Microsoft Surface Phone on deck?,Microsoft may be abandoning plans for an Intel-powered Windows 10 phone in favor of one designed by the folks who built the company's,Fox News,microsoft,2015-12-02 18:20:22,0,-0.0637127376285507,4,0,3
42246,How Microsoft Office Is Helping Azure,"Microsoft (NASDAQ:MSFT) increasingly depends on its many cloud services, including Office 365 and Azure. These products, while united by",Motley Fool,microsoft,2016-04-14 12:43:22,0,-0.132033534336964,7,1,40
48403,Annual report shows growing economy in downtown Troy,"The report shows the increased business is focused on the creative economy, including accommodation, food, retail, and the arts. It makes the",NEWS10 ABC,economy,2016-05-10 03:29:18,0,-0.0133250447722257,34,0,0
43903,Deja Vu! Google's antitrust offenses are like Microsoft's (and the ...,"Microsoft made like-claims during its antitrust defense here and in Europe covering Microsoft's legal woes, I know this: Exclusive agreements,",BetaNews,microsoft,2016-04-21 00:15:20,0.118585412256314,0.0277318568841573,3,14,8
55706,It once was lost,"The city's economic growth topped 8% last year, the fastest since 2011. But with bad loans still clogging its bank system, many of the city's scars",The Economist,economy,2016-06-10 00:00:00,0.0625,-0.139372008855425,-1,3,52
63104,Why Obama Is Standing by the Syrian Refugees,"Once upon a time, liberals criticized Barack Obama for only taking on fights he knew he could win. Not anymore. In 2013, Obama responded to",The Atlantic,obama,2015-11-23 11:44:35,-0.176776695296637,-0.112551785634829,1237,35,14
13575,Improved economy creates prison staffing crisis for Kansas,Sam Brownback persuaded the GOP-dominated Legislature into enacting massive income tax cuts in 2012 and 2013 as an economic stimulus.,Daily Mail,economy,2016-01-03 17:40:17,0.132582521472478,-0.0286769667338202,3,0,0
64568,"Hutsonville-Palestine downs Ramsey, 54-40, at Mulberry Grove ...","Their point total went down for the third straight game, but Hutsonville-Palestine's boys' basketball team still generated enough points to get",Robdailynews,palestine,2015-11-30 20:27:44,0,-0.0148642989520648,0,0,0
25845,"Rupert Murdoch is right, the tax deal with Google is 'token'",On Thursday Rupert Murdoch attacked Google's tax deal with the UK as 'token'. Spot on. ,Sydney Morning Herald,microsoft,2016-01-29 04:12:00,-0.0582103096237465,-0.00717219138186565,-1,-1,-1
25222,Opposition parties accused of 'talking down the economy',"CAPE TOWN - Minister of Economic Development Ebrahim Patel has hit back at opposition Members of Parliament (MPs), accusing them of",Eyewitness News,economy,2016-02-17 18:23:25,-0.184418604520398,0.0419262745781211,7,0,0
2325,Refugee crisis could boost Swedish economy,Economists from Swedish bank Nordea have suggested that the nation's economy will grow by 0.5 percent as Sweden continues to take in,The Local.se,economy,2015-11-16 12:20:09,0.102062072615966,-0.102289636048121,53,0,0
3348,Bits | A Reality Check for Microsoft's HoloLens,"Microsoft invited a handful of journalists to its corporate campus here on Thursday to see the latest demonstration of HoloLens, the headset it is",New York Times (blog),microsoft,2015-11-20 05:01:16,-0.0472455591261534,0.0907501929010296,129,14,361
77395,Cristiano Ronaldo Attacked on Social Media For Starring in Israel ...,Cristiano Ronaldo Israel Palestinian Conflict Football superstar Cristiano Ronaldo poses for photographers on the red carpet at the world,Newsweek,palestine,2016-02-11 14:16:16,-0.0395284707521047,-0.121877108618736,436,10,1
48541,US economy seen expanding 2.2 percent in second quarter: Atlanta ...,NEW YORK U.S. economy is on track to grow by a 2.2 percent annualized rate in the second quarter following data that showed stronger,Reuters,economy,2016-05-10 16:57:15,-0.0833333333333333,-0.233892249744921,13,1,15
75001,"Special night for Rebels, Bulldogs","EAST PALESTINE-Despite their records and the final score of the game, Thursday's game between East Palestine and Crestview held a lot of significance. On the line for Crestview was coach Rick Gates 300th wi. ",Lisbon Morning Journal,palestine,2016-01-28 21:52:00,0,-0.193681183375285,0,0,0
23795,Microsoft to Facebook sing the rhythm of their success in style,"A 2008 video of former Microsoft CEO Steve Ballmer shows the world how it is done. During a speech to his employees, he starts chanting,",Businessinsider India,microsoft,2016-02-11 08:37:33,0.0690963497990709,-0.159471988462447,2,0,0
78765,Obama Just Eliminated Abstinence-Only Sex Ed From The Federal ...,"President Barack Obama cut all funding for abstinence-only sex ed in public schools from his proposed 2017 budget, released last week.",Refinery29,obama,2016-02-18 19:55:03,-0.214112549907234,-0.0970568601087889,197,0,0
45106,Microsoft Surface phone may come with Qualcomm Snapdragon ...,"Microsoft's fortunes in the smartphone market are abysmal to say the least. In Q4, the shipments of its Lumia line of smartphones tanked",India Today,microsoft,2016-04-26 07:21:04,0.127672057714238,-0.078192905271403,1,1,1
85871,Obama Claims Power to Make Churches Fund Abortion,The Obama administration is claiming it has the unprecedented power to compel churches to provide abortion-related products and services.,Breitbart News,obama,2016-03-24 14:15:07,0.0484662772938278,0.0768648367265553,419,11,3
17219,Microsoft said to be close to acquiring InMobi,"According to a report from SeekingAlpha, Microsoft seems to have gained success in bidding for the Indian firm, which was already on the radar",Neowin,microsoft,2016-01-16 16:00:27,0.176776695296637,-0.0935568998979686,19,0,37
65979,Obama's clueless speech on terrorism,"The end of Obama's public denial on this topic was a long time coming, Obama and the Democrats need to learn that Islamic terrorism is not",Washington Examiner,obama,2015-12-08 05:44:38,-0.0139754248593737,0.083757932715266,140,0,0
55843,Indonesian Government Focuses on Building Creative Economy Ecosystem,"JAKARTA, Indonesia, June 12, 2016 - (ACN Newswire) - The Indonesian government is focused on the creative economy ecosystem in Indonesia. Through it, says Triawan Munaf, head of the Creative Economy Agency (BERKAF), new entrepreneurs in the creative industries will be able to assist each other, and grow their businesses together. ",ACN Newswire via Yahoo! New Zealand Finance,economy,2016-06-12 00:55:00,0.0441941738241592,-0.0531799448169407,-1,0,0
23699,"Amid steady growth, warning signs loom for Ore. economy","SALEM, Ore. (AP) - State economists say Oregon's economy and job market continue to grow at a steady pace but they warn that ongoing",kgw.com,economy,2016-02-10 21:40:23,-0.385416666666667,-0.11457432647407,7,0,0
19329,Microsoft's virtual assistant Cortana will be able help you manage your time — here's why she's different than Google,"Today, Microsoft announced an upgrade for its Cortana personal digital assistant, coming soon to ",Business Insider via Yahoo! Finance,microsoft,2016-01-25 06:00:00,0,0.126169577952824,0,0,1
80109,Obama Orders Acceleration of War Against ISIS,"President Obama urges ceasefire, looks for diplomatic end to Syrian civil war ",KABC-TV Los Angeles,obama,2016-02-25 15:54:00,-0.0944911182523068,-0.0721687836487032,1,1,0
80897,Obama administration to renegotiate international anti-hacking regs,The Obama administration is telling lawmakers that it will seek to renegotiate certain portions of a 41-nation agreement designed to keep,The Hill,obama,2016-02-29 22:33:06,0.0441941738241592,-0.139113905025445,16,1,23
70691,Palestinian Wave of Violence Marked by Increased Female Role,When Palestinian youths began a wave of grassroots and often suicidal stabbing attacks against Israeli soldiers and civilians several months,ABC News,palestine,2016-01-06 07:24:57,-0.166666666666667,0,9,0,0
45682,Comparing the US Federal Reserve's Views on World Economy,Then: &quot;Economic activity has been expanding at a moderate pace despite the global economic and financial developments of recent months.&quot;.,ABC News,economy,2016-04-27 22:20:15,-0.0416666666666667,0.153238014880595,0,0,0
7948,The beer boom is a taste of what New York's economy could be,"Craft breweries are booming in New York """""" a testament to what can happen when the government makes it a bit easier to do business here.",New York Post,economy,2015-12-09 00:46:18,-0.0404468893080895,-0.0291666666666666,45,0,1
101179,Cuomo stifles Israel-Palestine human rights fight: Letter,We see his order as an unconstitutional stifling of free speech rights regarding the struggle for human rights in the Israel/Palestine conflict.,The Journal News | LoHud.com,palestine,2016-06-13 23:05:49,-0.0883883476483184,-0.422067926453862,3,0,0
66991,UPDATE: 3 arrested in connection with Palestine man shot in the face,"On Friday, December the 11th, 2015, three people were arrested in connection with the recent shooting of a 55 year old Palestine man, which occurred in the 500 Block of S. May St, on Thursday. ",CBS 19 Tyler,palestine,2015-12-14 15:04:00,-0.201007563051843,-0.0386699020961393,0,0,0
31429,Microsoft India Nearly Doubles Price of Gears of War: Ultimate ...,Microsoft has almost doubled the price of Gears of War: Ultimate Edition for Windows 10 PCs. At launch the game was Rs. 729 but now it's,NDTV,microsoft,2016-03-15 09:04:38,-0.0395284707521047,-0.08930431353897,13,1,1
103797,Netanyahu 'to work toward ousting Arab Knesset member',"In the photo above, she is seen during an August 16, 2015 demonstration in support of Mohammed Allan, a Palestinian held by Israel without",Press TV,palestine,2016-06-30 06:00:23,0.0727362444189287,-0.173225582038933,15,5,0
31106,Step-by-step guide: Switch from Evernote to OneNote without losing a thing,Microsoft on Friday released a OneNote importer tool th […] ,SiliconANGLE,microsoft,2016-03-13 22:56:00,-0.173343811320384,-0.0416666666666667,1,0,19
57792,Zim economy ranked among Africa's worst,"The report was based on several indicators that include the economy, education, health, safety and security, governance, entrepreneurship,",NewsDay,economy,2016-06-20 04:20:06,-0.17754548048819,0.244909379942216,43,0,1
83661,'Obama right in criticising Cameron',"US President Barack Obama speaks at a Democratic National Committee event at Gilley's Club in Dallas on March 12, 2016. / AFP / MANDEL",gulfnews.com,obama,2016-03-14 13:15:06,0.0254635568419898,-0.0279508497187474,0,0,0
82985,Obama: Don't Blame Me for Donald Trump's Rise,"President Barack Obama said he cannot be blamed for the rise of Republican presidential front-runner Donald Trump. """"""I've been blamed by",TheBlaze.com,obama,2016-03-10 19:15:06,0.12772116235182,-0.0828817784832435,125,0,0
96181,Commemorating the Palestinian Nakba of 1948,"The British occupation of Palestine in 1919, shortly after World War I, permitted the influx of Jewish immigrants into Palestine-in spite of",Antiwar.com (blog),palestine,2016-05-12 17:00:20,0,-0.253175850672287,18,1,0
76433,US will look into India's concerns on visa fee hike: Obama assures ...,U.S. President Barack Obama has assured Prime Minister Narendra Modi that his administration would soon look into India's concerns over the,The Hindu,obama,2016-02-05 20:45:32,0.180421959121758,0.328684437714899,13,1,0
76674,Jihadi John's fellow executioner was on Galloway-led 'Viva ...,"Alexe Kotey, who grew up in Shepherd's Bush in west London, was one of 500 volunteers on the 'Viva Palestine' convoy in 2009, and has now",Jewish News,palestine,2016-02-08 09:55:37,0.0416666666666667,-0.0807991408209728,1,0,0
42193,"Microsoft details Marmalade, cross-platform development tool","Microsoft has provided more details about Marmalade, a new cross-platform SDK that it has created to bring more apps to its unified app environment for Windows 10. The new tool is aimed at game developers, and works in combination with its Visual Studio developer package. Using Marmalade, developers can simultaneously code games for iOS, Android, and Windows using C++. A key attraction for ",MacNN,microsoft,2016-04-14 00:31:00,0,-0.162734703656751,0,0,0
16581,Microsoft releases its first Windows 10 beta build of the year,"Members of the Windows Insider Program got their first new beta build of Microsoft's operating system for 2016, and it's a snoozer when it comes to user-facing features. ",MIS Asia,microsoft,2016-01-13 20:39:00,0.108703294568288,-0.0334656043810253,0,0,0
87004,"White House: Obama, Bush wouldn't keep Lewandowski on",I am confident that neither President Obama nor President Bush would tolerate someone on their staff being accused of physically assaulting a,Politico (blog),obama,2016-03-30 20:35:09,0.422299883208632,0.23540912430932,21,2,0
72811,"Bill Maher Blasts ?Bloodthirsty? GOP, Launches Campaign to Get ...","At the end of the busy week that included President Obama's final State of the Union address and the first GOP debate of 2016, Bill Maher",Daily Beast,obama,2016-01-16 14:44:57,-0.236388888888889,0.075,98,86,0
15409,Fears grow over true state of Chinese economy,"China's economy has been gradually slowing from the double-digit rates it recorded in past decades, due to a variety of factors, some of which",Coffs Coast Advocate,economy,2016-01-10 19:57:21,0.267129228448251,0.125,0,0,0
60368,"'Inclusive' Canadian identity helps economy, combats extremism ...",The message also said such talk could hamper the government's ability to combat “violent extremist narratives” and could hurt the economy by,News1130,economy,2016-06-30 22:00:07,0,-0.157968758289147,-1,0,0
74398,Will: Obama's overreach may finally be curbed,"President Obama often does both simultaneously, using executive authoritarianism to evade the Constitution's separation of powers and",The Detroit News,obama,2016-01-26 04:50:31,0,0.121267812518166,5,0,0
14721,Flooding could cost Scottish economy as much as 700 million,"Analysis by accountants PwC have put the cumulated economic losses from storms Desmond, Eva and Frank at between """"350m and """"700m",The Courier,economy,2016-01-07 11:00:23,0.0661111111111111,-0.204579272096243,2,0,3
36829,Mexican economy likely expanding at a pace close to trend,"The Mexican economy is expected to have expanded at the fastest pace of 0.3% m/m since September 15, according to Societe Generale, and",EconoTimes,economy,2016-03-28 09:47:04,0.0790569415042095,-0.0932753134055796,0,0,0
51379,Hate Windows 10? Microsoft's given you 'Insider' powers anyway,"Microsoft has opened its Feedback Hub to all users of Windows 10. Feedback Hub is an app that lets you send Redmond """""" feedback about",The Register,microsoft,2016-05-24 07:32:10,-0.132582521472478,0.208514414057075,8,2,4
16934,Microsoft has finished rolling out Skype Translator to all Windows users (MSFT)," Microsoft has finished rolling out Skype's much-anticipated real time voice translation service to all of its Windows users, according to a post on the Skype blog . Skype — founded in Estonia in 2003 — can understand Mandarin, English, French, German, Italian, Portuguese, and Spanish, and translate one to another as you video call your Skype contacts. &quot;We launched Skype Translator preview just ",Business Insider,microsoft,2016-01-15 04:17:00,0.0721687836487032,0.17985180478074,105,2,113
7471,Week ahead: FTC chief eyes on-demand economy,who has said that workers in the on-demand economy need a better safety net. The companies frequently classify their workers as independent,The Hill,economy,2015-12-07 11:01:15,0.0883883476483184,-0.0100637165117824,2,1,1
70925,"Guns and poses: Obama weeps, the NRA reloads","The National Rifle Association, reacting with fury and loathing to President Barack Obama's attempts to enforce existing gun regulations,",CBC.ca,obama,2016-01-07 10:44:43,0,-0.150554075352556,594,5,7
43451,Are Supports for US Economy Fading?,The market's outlook for interest rates is too dovish for one of the Federal Reserve's more dovish policy makers. Federal Reserve Bank of,Bloomberg,economy,2016-04-19 06:37:15,0,0.078192905271403,3,0,0
19875,"Border Controls Will Hit Economy, Warn German Business Leaders",German business leaders have warned that the introduction of border controls in reaction to the refugee crisis will hit the country's economy by,Newsweek,economy,2016-01-27 12:20:26,-0.03125,-0.0847089807106866,21,0,4
59357,Australia must be ready to pump cash into the economy if Brexit bites,"While it is clearly early days for markets, commodity prices have also dropped sharply. For the already fragile nature of the domestic economy,",The Guardian,economy,2016-06-27 05:25:04,0,0.0955691064428259,-1,1,4
76662,Rubio Defends Repeated Attack on Obama: 'I'm Going to Keep ...,Rubio Defends Repeated Attack on Obama: 'I'm Going to Keep Saying It'. More. The Republican candidate for president defended his debate,ABC News,obama,2016-02-07 17:05:33,-0.256935059888681,-0.150024799537245,14,0,0
17399,Microsoft Airdrops Fresh 1TB Xbox One Bundle With 'Tom Clancy's ...,"It's the Xbox One Tom Clancy's The Division Bundle featuring a 1TB version of Microsoft's newest generation console, a newly updated",Hot Hardware,microsoft,2016-01-17 17:40:28,-0.0131761569173683,-0.109108945117996,6,19,0
11593,"Xiaoice, Microsoft's Chinese Cortana joins morning TV program","Xiaoice, Microsoft's Chinese version of Cortana, has struck a cord locally, with rumours of some people even having romatic relationships with",WMPoweruser.com,microsoft,2015-12-24 01:20:21,0,-0.0356877174656779,6,3,4
42951,"Riverfest brings crowds, boosts Vicksburg economy","We have had a boost in sales so it's definitely helping the economy in Vicksburg."""""" Tammy Burris, a sales associate with The Dragonfly, agrees.",WAPT Jackson,economy,2016-04-17 03:15:20,0,-0.08930431353897,3,0,0
27490,Shorten's 'taskforce of ideas' to revive economy,"OPPOSITION Leader Bill Shorten flew into Adelaide on Saturday to announce a Labor """"""taskforce for ideas'' to build the South Australian",The Advertiser,economy,2016-02-27 10:02:27,0.0367465459870082,-0.136386181397495,2,0,0
38183,HoloLens expected to star at Microsoft Build,"SAN FRANCISCO - If last year's Microsoft developer conference was laser focused on Windows 10, Build 2016 is about planting the company",NWCN.com,microsoft,2016-03-30 00:52:21,0,0.081251405745824,0,0,0
89740,CNN Parrots Conservative Media Claim That Obama Put Fingers ...,"CNN Parrots Conservative Media Claim That Obama Put """"""Fingers On The Scale"""""" In Clinton Email Investigation",Media Matters for America,obama,2016-04-11 22:06:11,0.125,0.15625,1,0,0
98759,Navy SEAL to Obama: 'Take the handcuffs off',"""""""The reason we weren't allowed to do anything was because the military at that time, because of Barack Obama, had become so politicized and",WND.com,obama,2016-05-28 22:35:28,0.0441941738241592,0.0191366386154936,559,35,2
56009,"From bad economy, Modi govt turned India into 'bright spot'","Allahabad: Crediting the Modi government with making India a """"""bright spot"""""" despite the global economic slowdown, BJP on Sunday expressed",The Shillong Times,economy,2016-06-13 03:20:12,-0.154739173430603,-0.154071294949673,-1,0,0
83593,"Obama, at South by Southwest, Calls for Law Enforcement Access in Encryption Fight","President Obama told an audience of technology enthusiasts he supported efforts to gain protected information from electronic devices, opposing the stance taken by Apple. ",New York Times Finance,obama,2016-03-11 13:18:00,-0.242681335848538,-0.127577590769957,-1,-1,-1
20078,Microsoft defends tablet: Not even Johnny Manziel's head can break it,Microsoft defends tablet: Not even Johnny Manziel's head can break it ,Fox Sports,microsoft,2016-01-26 15:19:00,0.0750265047723485,0.0750265047723485,27,0,0
41265,Canada's sudden economic vigour may be short-lived,"Economists are marking up their forecasts for economic growth, and they expect the Bank of Canada to do the same when it releases its",The Globe and Mail,economy,2016-04-11 10:15:15,0,0.0100998926026217,9,1,9
21038,"Microsoft on Android: Arrow Launcher, Next Lock Screen and ...","Microsoft, of all developers, has made several apps that take advantage of this fact. Even more surprising is that they're actually pretty good!",WinBeta,microsoft,2016-01-31 16:01:29,-0.0104166666666667,0.226086097491676,7,2,4
46185,UK: Fear moves from Brexit to the economy - Danske,Slower growth and falling employment indicate Brexit uncertainties have hit the economy. According to the OECD a Brexit would result in UK,FXStreet,economy,2016-04-29 16:20:18,-0.125,-0.144354651699111,2,0,0
29320,China economy sanguine last year: Official,"Beijing, March 6 (IANS) China's economy had a &quot;sanguine performance&quot; last year, a senior regulator said on Sunday on the sidelines of the annual parliamentary session. Xu Shaoshi, who heads the National Development and Reform Commission, said the economy's speed change, structure optimisation and gear shift were all smooth, Xinhua news agency reported. ",IANS via Yahoo Maktoob News,economy,2016-03-05 21:10:00,0.0935568998979688,0.183569977830105,0,0,0
10914,Cuba economy boosted by eased US sanctions: Moody's,"Tourists from the United States pose in front of the Capitol in Havana, as Moody's raises its forecast for Cuban economic growth due to the loosened US embargo and a surge in tourism ",AFP via Yahoo UK & Ireland Finance,economy,2015-12-10 14:29:00,-0.176776695296637,-0.145064713296415,-1,-1,-1
90303,"Obama opens weeklong trip to Saudi Arabia, Europe next week","WASHINGTON (AP) — President Barack Obama is heading out on a weeklong trip next week that will take him to Saudi Arabia, England and Germany. In Saudi Arabia, Obama plans to meet with King Salman. He’ll also attend a summit with the leaders of six Persian Gulf countries to discuss efforts to counter the Islamic […] ",Seattle Times,obama,2016-04-14 13:22:00,-0.0559986668988149,-0.0901742316044586,0,0,0
41067,Smartsheet announces integrations with Microsoft Office 365 and ...,"Recently, Smartsheet announced integrations with Microsoft Office 365 and Microsoft Azure to further increase productivity of its users.",MSPoweruser.com,microsoft,2016-04-07 00:00:00,0,0,-1,-1,-1
18973,"Microsoft's Android home screen app gets performance boost, new ...","Yes, Microsoft has a home screen app for Android and it's called Arrow Launcher. This app was added to the collection of Microsoft Garage",WinBeta,microsoft,2016-01-23 19:10:29,0.170138888888889,0.0510310363079829,7,5,1
2027,Boston Fed chief queries pace of interest rate rise,"Speaking in his office in Boston, Mr Rosengren set out a positive assessment of the US economy, in part founded on October's strong jobs data,",Financial Times,economy,2015-11-15 14:40:13,-0.00458333333333333,0.108583333333333,22,1,6
38823,"The Gig Economy Is Growing, and It Is Terrifying","The Gig Economy Is Growing, and It Is Terrifying Photo: AP. In America, we have created a system in which most workers receive necessary",Gawker,economy,2016-03-31 14:39:11,-0.208333333333333,-0.17860862707794,137,5,2
51377,"We don't have a V-shape economy, uptick just begun: Nilesh Shah","In the midst of turmoil, companies that can beat global and regulatory setbacks will create wealth for investors and outperform their peers, says",Moneycontrol.com,economy,2016-05-24 06:40:07,0.219513383598139,-0.0747176650371184,5,0,0
31731,"China's Premier Li says confident in economy, vows no hard landing","China's Premier Li Keqiang defended the government's economic policies on Wednesday, vowing there would be no mass layoffs and no hard landing for the world's second-largest economy even as the government presses ahead with painful reforms. While conceding that downward pressure is increasing, Li and other top officials at the annual meeting of parliament this month have repeatedly tried to ",Reuters via Yahoo! Finance,economy,2016-03-16 01:30:00,-0.143512733951874,-0.10989015632506,0,0,0
62930,Obama calls ISIS 'killers with good social media',"U.S. President Barack Obama toughened his rhetoric against ISIS at a weekend press conference in Malaysia that concluded his nine-day trip abroad. The group responsible for the Paris terror attacks is &quot;a bunch of killers with good social media,&quot; he sa ",WGAL 8 Susquehanna Valley,obama,2015-11-22 06:33:00,0.0138106793200498,-0.116332471746083,1,0,0
18199,LanzaTech Wins Major Circular Economy Award at the World Economic Forum Annual Meeting,"LanzaTech has won the Young Global Leader Award for Circular Economy Entrepreneur as part of the 2016 Circulars Awards program, organized by the World Economic Forum's Young Global Leaders in collaboration ",Marketwired via Yahoo! Finance,economy,2016-01-20 06:02:00,-0.0346687622640768,-0.159752412605673,0,0,7
83183,Obama's criticism of British PM: Blow to 'special relationship'?,"President Obama has publicly criticized British Prime Minister David Cameron, heaping blame for Libya’s chaos at the prime minister’s feet, while also lamenting his failure to secure parliamentary approval for airstrikes in Syria. The comments, made during a sweeping interview in The Atlantic that considers President Obama’s navigation through the world of foreign policy, are seen as unusual for ",Christian Science Monitor via Yahoo! News,obama,2016-03-11 08:07:00,0,0.100872496705881,0,0,0
9260,Race begins to build a low-carbon economy,"The Paris deal on climate change exceeded expectations. Now innovation must rise to it, as your leader says. Sir, Your leader (""""""Global",The Times (subscription),economy,2015-12-14 20:56:19,-0.0441941738241592,0.0612507891363306,37,0,0
14870,"Beyond the markets, China's real economy is what matters","But financial markets are one thing, the global &quot;real economy&quot; quite another, especially when it comes to China. Its markets are structured in a",Marketplace.org,economy,2016-01-07 23:20:19,0.0625,-0.024514516892273,3,0,2
98332,Japan makes Obama into a cardboard superhero,"A network of health-related non-governmental organizations produced these superhero-esque cardboard cutouts of Obama, German",New York Post,obama,2016-05-25 19:30:28,-0.0944911182523068,-0.0606339062590832,35,1,1
94219,Now Tony Blair says Britons MUST LISTEN to Obama's Brexit ...,"Obama sparked widespread anger last month when he said the UK But Blair dismissed claims Obama should say out of the EU debate,",Express.co.uk,obama,2016-05-04 01:01:11,0.0395284707521047,-0.105705223792823,359,1,0
72528,Detroit and Silicon Valley are both in love with Obama's self-driving ...,Both legacy automakers and disruptive technology companies were quick to praise the Obama administration Thursday for its proposal to,The Verge,obama,2016-01-14 23:04:47,0.0661547183446447,0.0573539334676404,117,17,53
90999,Supreme Court Appears Divided Over Obama's Immigration Action,Supreme Court Appears Divided Over Obama's Immigration Action. More. The nation's highest court will decide whether millions of,ABC News,obama,2016-04-18 22:15:11,0.309359216769115,0.296100964621867,2,0,0
11328,US consumers lend economy a boost in November,The release of the figures more than 12 hours ahead of schedule by the department's Bureau of Economic Analysis marked a rare instance of,Reuters,economy,2015-12-23 04:20:15,0.0883883476483184,-0.382928033315232,2,0,3
6864,Vladivostok free port to receive $918 mln worth of investment,It provides for establishing of a new special economic zone embracing 15 municipalities in the south of Primorsky Krai. Experts believe that the,TASS,economy,2015-12-04 10:36:19,0.15625,-0.0355334527259349,2,0,0
8832,Microsoft: 3 Important Points in 1 Simple Slideshow,"Crowds gather at the new Microsoft flagship store in New York City to celebrate the grand opening on Oct. 26, 2015. Image source: Microsoft.",Motley Fool,microsoft,2015-12-12 14:18:23,0,-0.0155458855675965,2,0,51
44399,Vanguard's McNabb Sees Continued Muted Growth in US Economy,"The U.S. economy remains in good shape with steady, if unspectacular growth, the head of one of the world's largest investment management",Urban Land,economy,2016-04-22 16:21:24,0,-0.161272867122269,3,0,1
84406,La famille du Palestinien mort  l'ambassade de Palestine  Sofia s ...,"La famille du militant palestinien Omar Nayef, retrouv"""" mort dans de myst""""rieuses circonstances dans la cour de l'ambassade de Palestine """"",L'Orient-Le Jour,palestine,2016-03-16 19:55:19,0,0.109108945117996,1,0,0
50098,Microsoft Nigeria to empower 6000 public school students in FCT,"Microsoft Nigeria, in partnership with the Future Project and The Zariah Elizabeth Foundation (TZE Foundation), is set to empower 6000 public",BusinessDay,microsoft,2016-05-17 09:00:27,0,-0.00670820393249937,0,0,0
54579,"Microsoft's Cortana heading to Xbox One, will take on Apple's Siri in ...","Apple's Siri voice controls debuted on the new Apple TV last fall, and Microsoft's competing Cortana will follow suit, debuting in the living room",AppleInsider (press release) (blog),microsoft,2016-06-06 14:55:13,0.00240562612162334,0.121387715069637,20,3,2
13529,India's cloud policy not compelling: Microsoft Corporation,India's cloud policy not compelling: Microsoft Corporation. Microsoft has criticised the Centre's proposal to empanel a set of cloud service,Financial Express,microsoft,2016-01-02 00:00:00,-0.160438044532563,-0.202364151963731,0,0,0
3576,Microsoft Launches Office Insider Program,"Microsoft announced on Friday the launch of a new program called Office Insider. This gives Office 365 Home, Office 365 Personal and Office 365 University subscribers the ability to opt in to pre-release builds of Office 2016 for Windows. The program was announced alongside new features for PowerPoint, which are exclusive to Office 365 subscribers. These, the company said, are ",WebProNews,microsoft,2015-11-20 14:12:00,0,-0.0222717701593686,0,0,0
82431,"Barack Obama, 54, loses five pounds and lowers cholesterol levels ...",Obama (pictured at a golf club in Martha's Vineyard in August last year) exercises daily and does aerobic fitness as well as resistance training. He is also an avid,Daily Mail,obama,2016-03-09 00:35:05,0,0.112341695395662,18,0,0
89569,Fox News Sunday Hits Obama For Answering Host's Repeated ...,"Also President Obama said, look this is carelessness. I understand that what they're going to be able to say is no crime because there was no",Media Matters for America (blog),obama,2016-04-10 18:06:08,-0.135416666666667,-0.0122572584461366,7,13,0
57603,Dead Rising 4 Is a Timed-Exclusive for Xbox One and Windows 10 PC,"Dead Rising 4 is set to release exclusively for Xbox One and Windows 10 PC in December, but Microsoft has confirmed to GameSpot that the",GameSpot,microsoft,2016-06-18 00:00:00,-0.111560911390287,-0.0944396533666834,126,6,0
52058,France's economy is on the move,Economic growth reached 1.3 per cent last year and grew beyond expectations in the first quarter of this year (more than 2 per cent on a yearly,The Straits Times,economy,2016-05-25 22:20:09,0,-0.165416666666667,2,0,0
19046,"We must add to Indian economy's credibility, says Finance Minister ...","&quot;We must carry on structural reforms, add to the credibility of the Indian economy, concentrate on higher public expenditure and attract higher",Economic Times,economy,2016-01-24 10:23:19,0.0395284707521047,0.0977411315892538,5,0,0
90831,President Obama should speak up for an imprisoned blogger in ...,PRESIDENT OBAMA will have plenty of sticky issues to deal with on his visit this week to Saudi Arabia for a meeting with members of the Gulf,Washington Post (blog),obama,2016-04-18 00:35:09,0.0724688630455255,-0.138323501993348,101,1,0
47209,Microsoft re-releases Windows OLE patch KB 3146706 with little ...,"Details are hazy, but apparently Microsoft released MS 16-044/KB 3146706 on April 12 as a &quot;checked&quot; Important update. Since it was checked,",InfoWorld,microsoft,2016-05-04 12:35:24,-0.1875,0,2,1,3
24257,Shares gain as global economy fears ease; oil rallies,"Traders work on the floor of the New York Stock Exchange (NYSE) February 12, 2016. REUTERS/Brendan McDermid",Yahoo Finance UK,economy,2016-02-12 22:20:25,-0.107638888888889,-0.00585937499999983,18,3,0
81711,Volunteers raise thousands for Palestine,Volunteers for SKT Welfare got out their soapy sponges and raised thousands in a successful charity car wash raising money for Palestine.,Rochdale Online,palestine,2016-03-04 13:29:14,0.0441623425556208,0.186550626811159,26,0,0
12796,Calgary Economic Forecast calls for heavy 'humility' in 2016,"Fashion retailers are always selling us something new, convincing us that the stuff we bought only a year ago is hopelessly outdated.",CBC.ca,economy,2015-12-30 13:40:23,0.132582521472478,-0.188327299447456,106,0,6
36121,Microsoft axes chatbot that learned a little too much online,"OMG! Did you hear about the artificial intelligence program that Microsoft designed to chat like a teenage girl? It was totally yanked offline in less than a day, after it began spouting racist, sexist ",Associated Press via Yahoo! Finance,microsoft,2016-03-24 18:15:00,-0.175216534687163,0.0309650223173975,22,0,8
22801,How well is state economy performing?,"In 2012, the Governor's Council of Economic Advisors, which Brownback leads, agreed on key indicators to monitor the state's economy.",Wichita Eagle,economy,2016-02-07 06:13:28,0,0.0286769667338202,98,0,0
16198,"Used smartphones worth $17bn to global economy, say accountants","Consumers will sell or trade-in 120 million used smartphones around the world in 2016, fuelling a market worth more than $17bn (""""11.7bn),",ComputerWeekly.com,economy,2016-01-13 00:20:20,0.25,0.220945613863942,21,3,23
37197,Microsoft is betting that digital pens are here to stay,"Coincidentally, however, shortly after that article was published, there were signs that Microsoft is undertaking a campaign to promote digital",Ghacks Technology News,microsoft,2016-03-29 08:21:17,-0.0790569415042095,-0.0978279740156158,5,3,3
8937,Angola: Minister Praises Investors Committed to Boost Economy,"Luanda """""" Angolan minister of Trade Rosa Pacavira praised the Angolan and foreign investors committed to boosting the national economy",AllAfrica.com,economy,2015-12-12 14:40:19,0.0883883476483184,0,2,0,0
28178,"Microsoft cuts 50 off Band 2 in the UK, its third 'special offer' in four ...","Microsoft has cut the price of its Band 2 in the UK as part of a 'special offer', although given that this is its third discount in four weeks, such",Neowin,microsoft,2016-03-01 11:38:31,-0.0847458633121879,-0.0555112212042029,6,0,0
66938,Hamas: We'll resist until Palestine is free,"GAZA CITY (Alresalah.ps) -- Spokesperson for the Qassam Brigades, the armed wing of Islamic Resistance Movement (Hamas), Abu Obaida said the",Al-Resalah,palestine,2015-12-14 19:55:47,-0.0826797284707684,-0.0818317088384971,0,0,0
24486,Diana Clement: P2P websites help us all to earn our cut from the sharing economy,"Are you earning your share from the sharing economy?Thanks to websites such as Uber, Airbnb, Tutorly and YourDrive.co.nz , many Kiwis are making relat ",The New Zealand Herald,economy,2016-02-14 14:53:00,0.16484906462585,-0.024514516892273,0,0,0
52361,US Stock Indexes Rose as the US Economy Recovered,"The three US equity indexes that we review in this weekly series rose from May 17 to May 24, 2016, after upbeat new home sales data boosted",Market Realist,economy,2016-05-26 20:40:10,0.208333333333333,0.0978094862569673,1,0,0
37898,What went so wrong with Microsoft's Tay AI?,"By now the world has heard about the rise and fall of Microsoft's Tay, an artificially intelligent bot that lived on Twitter, Kik, and GroupMe.",ReadWrite,microsoft,2016-03-28 21:41:18,0,-0.0678425925925926,62,4,75
24005,Microsoft Lumia 650 Dual SIM (RM-1154) Release Imminent; Device ...,Microsoft Corporation is bound to release the Lumia 650 in two variants. The second variant under model number RM-1154 recently received,Lawyer Herald,microsoft,2016-02-12 01:59:30,-0.057084141189539,-0.0640540306054627,0,0,0
68110,Obama Frees Sharanda Jones and 94 Other Prisoners Serving ...,"FAMMLast Friday, President Obama issued 95 commutations, more than doubling his total so far. Obama has now shortened more sentences",Reason (blog),obama,2015-12-21 12:10:40,0,0.177797193749685,187,1,5
100568,"Suspect caught after flipping truck, hitting house during police chase in Hancock County","NEW PALESTINE, Ind. — A suspect was taken into custody following a high-speed chase that ended in Hancock County Thursday morning. Police took the suspect into custody shortly before 7:50 a.m. at 500 West and U.S. 52 near a CVS store. Police said the truck stopped after crashing through a fence at a nearby home. […] ",FOX 59 Indianapolis,palestine,2016-06-09 05:15:00,-0.0577812704401279,-0.340206908719886,45,0,0
19743,Microsoft Co. (MSFT) Given a $64.00 Price Target at Sanford C ...,Microsoft logo Microsoft Co. (NASDAQ:MSFT) received a $64.00 price objective from research analysts at Sanford C. Bernstein in a research,EMQ,microsoft,2016-01-26 22:14:28,-0.0790569415042095,-0.111803398874989,1,0,0
48265,Empowerment of Bumiputera economy remains on Umno's agenda ...,"Empowerment of Bumiputera economy remains on Umno's agenda, says NajibPUTRAJAYA, May 9 """""" Since its establishment in 1946, the",Malay Mail Online,economy,2016-05-09 15:20:21,0.0441941738241592,0.03125,25,0,0
93293,Dubai fashion project offers Palestinian designs and helps women ...,She would travel back and forth to Palestine until she eventually quit her 30 women in Palestine earn an income by embroidering clothing Ms,The National,palestine,2016-04-29 16:30:19,0,-0.0260643017571343,8,0,1
102491,"Obama Roars Back in Florida, Scott Almost Breaks Even","Headed into election season, President Barack Obama, who carried Florida twice, gets good marks in a new poll of the Sunshine State while",Sunshine State News,obama,2016-06-22 14:40:12,0.153819444444444,0.134122552791921,3,0,0
60712,Massachusetts lawmakers debate fallout of 'gig economy',"BOSTON — From Beacon Hill to Capitol Hill, Massachusetts lawmakers are struggling to come to grips with a rapidly changing economy and",Boston Herald,economy,2016-07-02 15:40:05,0.0472455591261534,-0.136386181397495,-1,0,0
18726,Central Bank: Russian Economy's Dependence on Oil Prices ...,"MOSCOW (Sputnik) """""" The dependence of the Russian economy and the national currency's exchange rate on oil prices is gradually",Sputnik International,economy,2016-01-22 12:08:22,0.176776695296637,-0.0764719112901872,9,0,0
61311,Microsoft's rolling out an intrusive full-screen Windows 10 upgrade nag for final push,"Mere days after Microsoft ended its dirty tricks for Windows 10 upgrade pop-ups , the company is adding a full-screen nag to try and convince you to upgrade to Windows 10 before the free offer ends on July 29. The new notification is similar to the screens you see during a Windows installation or upgrade process, as pictured here. The new Windows 10 upgrade prompt: full-screen edition. To read ",PC World,microsoft,2016-07-05 08:28:00,-0.354430312879745,-0.0674986180068586,-1,5,4
29193,"As World Slows, US Economy Chugs Along",Auto sales and construction data this week suggest the U.S. economy has so far not been materially affected by international growth woes.,Morningstar.com,economy,2016-03-05 04:40:30,-0.0472455591261534,-0.233130699049924,1,0,1
43233,Oil prices slide after freeze deal failure,"It could also impact the broader economy, thus putting demand at risk. &quot;In the near-term, lower oil prices are bound to weigh on investor",Reuters,economy,2016-04-18 12:02:22,-0.0974439656976914,-0.117805872843423,402,33,257
49167,Analyst's view of economy generally positive,A top economic analyst offered a generally positive short-term picture of both U.S. and global economies Thursday as part of a two-day regional,The Columbian,economy,2016-05-13 01:57:19,-0.0765465544619743,-0.17568737106129,1,0,0
73311,Obama touts Australia's contribution to Islamic State fight,"WASHINGTON (AP) — President Barack Obama on Tuesday thanked Australia for its &quot;steadfast&quot; alliance and key contributions in the fight against Islamic State group, as he we welcomed Prime Minister Malcolm Turnbull to the White House for the new leader's first visit to Washington. ",Associated Press via Yahoo! News,obama,2016-01-19 09:19:00,0,0.00414086662499964,10,0,0
61327,Microsoft Makes It Clear There Is No Longer Such A Thing As An ...,"In the wake of E3 where Microsoft MSFT -0.27% talked up Xbox Play Anywhere, it seemed possible that in the future, every Microsoft game",Forbes,microsoft,2016-07-05 17:31:15,-0.256088949009849,0.0439231751833191,-1,8,4
42070,Microsoft now preparing release of new Start Menu design for ...,"If you're an Insider who is eagerly waiting to try out the new Start Menu shown off by Microsoft a few weeks ago, we have some good news for",WinBeta,microsoft,2016-04-13 21:16:24,0.100468196494933,-0.0974578137689632,18,13,1
42272,Microsoft forcing all PC makers to use stronger security,Microsoft has confirmed that it will force all PC makers to use stronger TPM 2.0 (Trusted Platform Module) security on all Windows 10 devices.,TechnoBuffalo,microsoft,2016-04-14 13:22:32,0.17505787037037,0.298518016911111,4,1,1
53063,Microsoft tries to spread Internet,"SAN FRANCISCO """""" Microsoft has joined other tech giants working to deliver the Internet in remote parts of the world, although it's taking a",Fort Wayne Journal Gazette,microsoft,2016-05-31 06:40:12,0.111803398874989,0.130321508785672,0,0,0
9585,China's economic growth rate seen falling until at least 2018,"BEIJING (BLOOMBERG) - China's economy, already in the midst of a half-decade deceleration, won't arrest its downward trajectory until at",The Straits Times,economy,2015-12-16 00:00:17,-0.309027777777778,0,3,0,1
5867,Why Rajan Doesn't Want Credit for Economy,The RBI has time and again been criticised by the government for not cutting rates aggressively to give the economy that much needed thrust. ,NDTV,economy,2015-12-01 01:04:00,-0.186029389059229,-0.304981318379514,0,0,0
32830,Economy: Tough choices face CBN policy committee today Analysts,"By Emeka Anaeto, Economy Editor. LAGOS """""" As the Monetary Policy Committee, MPC, of the Central Bank of Nigeria, CBN, meets today and",Vanguard,economy,2016-03-21 00:40:39,-0.2109375,-0.0266500895444513,42,1,1
72268,"In his final State of the Union, Obama pushes back against bigotry ...",PRESIDENT OBAMA took the biggest stage in politics Tuesday night aiming to calm a fearful nation and offer realistic ways to fix the country's,Washington Post,obama,2016-01-13 05:04:47,0.0360843918243516,-0.0318943976924893,149,16,1
72838,"Sen. Tom Cotton: Mr. Obama, here's why closing Guantanamo is a ...","In his final State of the Union address on Tuesday night, President Obama promised to """"""keep working to shut down the prison at Guantanamo""""""",Fox News,obama,2016-01-15 21:24:59,-0.113066754216661,-0.163884046809908,179,10,0
100812,US Pledges $40bn to Israel as Britain Reviews Aid to Palestine,"The British government has decided to review Palestinian financial aid after it was alleged some of the funds are paying the ‘salaries of terrorists’. This takes place at the time as the US has promised to give Israel the “largest military aid package in history,” RT reported. ",The ,palestine,2016-06-10 12:17:00,0.113066754216661,0.240930473803988,34,0,0
39590,"South Korea economy shows signs of rebound, but downside risks ...","The government acknowledges the fragility of the economic recovery, but it has no plans yet to revise its 2016 GDP forecast of 3.1 per cent, the",The Straits Times,economy,2016-04-04 05:01:18,0,-0.0199871558872934,1,0,0
46991,There's a big reason the US dollar has been getting destroyed,"The broader issue here isn't just that businesses are going to have a tougher time getting loans, but what that means for the US economy.",Business Insider,economy,2016-05-03 15:12:14,0.0266963169678229,-0.127083333333333,39,10,90
26310,Microsoft working with Indian Government to link Skype and Aadhar ...,Global software firm and Technology giant Microsoft announced that it is working actively with the Indian government to leverage the Skype's,WhaTech,microsoft,2016-02-22 22:11:33,0.0790569415042095,0.0545544725589981,1,0,0
92253,Obama continues tour of UK,"President Barack Obama marked the 400th anniversary of Shakespeare’s death Saturday by visiting the Globe Theatre in London for a performance of a scene from Hamlet, where the Danish prince poses the question: “To be or not to be.” Celebrations also were underway in Stratford-upon-Avon, where England’s greatest playwright died in 1616. Actors at The Globe, London’s monument to the Bard, treated ",The Gazette,obama,2016-04-23 19:31:00,0,-0.0974474303586384,1,1,0
45522,Brexit threat is 'weighing down on the economy' claims George ...,Economic growth was sharply slowed in the first three months of 2016 amid claims the EU referendum has slammed the brakes on the,Daily Mail,economy,2016-04-27 10:20:14,-0.105656308281147,0.0666252238611283,19,0,1
24709,"Microsoft's new Lumia 650 emphasizes its new business focus, but without Continuum","More and more, Microsoft seems to transitioning Windows Phone into a business-oriented device. So it’s a little odd that its new phone, the Lumia 650, appears to have launched without support for Microsoft's Continuum Display Dock. Microsoft’s Lumia 650 is decidedly a midrange to low-end phone: according to Microsoft’s specifications, it’s powered by a low-end Qualcomm Snapdragon 212, with just ",PC World,microsoft,2016-02-15 09:46:00,-0.172740874497677,-0.177604166666667,31,3,5
18140,Economic Impact,"UC Davis is a powerful economic engine for Northern California, generating $6.9 billion in annual economic activity and accounting for 69,000",UC Davis,economy,2016-01-19 21:00:22,0.0662912607362388,-0.00159316481854547,0,0,0
49904,Microsoft Corporation (MSFT) Ex-Dividend Date Scheduled for May ...,"Microsoft Corporation ( MSFT ) will begin trading ex-dividend on May 17, 2016. A cash dividend payment of $0.36 per share is scheduled to be",Nasdaq,microsoft,2016-05-16 14:21:23,0.0625,0.027277236279499,0,0,0
41397,Microsoft Trading Near 52-Week Highs: Time To Sell,Microsoft's (NASDAQ:MSFT) dominant and monopoly-like position (94% market share) in PCs at the enterprise and home is the envy of any,Seeking Alpha,microsoft,2016-04-11 16:28:22,0.209922325664756,0.0799502686333539,7,2,3
37188,"Ritlabs, SRL Achieves Microsoft Gold Application Development ...","&quot;By achieving a gold competency, partners have demonstrated the highest, most consistent capability and commitment to the latest Microsoft",PR Newswire (press release),microsoft,2016-03-28 15:41:14,0.14173667737846,-0.153729673453111,0,0,0
1863,US Economy Still on Track Even as World Growth Falters,"Robert Johnson, CFA, is the director of economic analysis with Morningstar.Roland Czerniawski is an analyst on Morningstar's markets",Morningstar.com,economy,2015-11-14 05:20:15,-0.106303351701196,0.0286769667338202,1,2,4
94439,Will a Trump Nomination Push Republicans to Confirm Obama's ...,"Many are suggesting Senate Republicans should take up Obama's nomination of Judge Merrick Garland after all, despite months of declaring",Town Hall,obama,2016-05-04 19:35:11,-0.114583333333333,-0.0936353465578037,38,0,0
98107,Bank of Palestine opens first international office,Bank of Palestine has opened a representative office at the Dubai International Financial Centre (DIFC). The bank is the first Palestinian,Global Trade Review (GTR),palestine,2016-05-24 15:40:34,0.224416405849229,0.184121344886619,1,0,2
66192,President Rivlin to Obama: Israel Has No War With Islam,"President Rivlin to Obama: Israel Has No War With Islam At the opening of their meeting, Rivlin thanked Obama for his &quot;statement sagainst",Haaretz,obama,2015-12-09 20:43:38,0.0164701961467102,0.00425258635899851,42,5,0
84309,Here we go: Seven Republican senators willing to meet with ...,"The first stage in any surrender is envoys from the retreating army seeking a meeting with the advancing force, to """"""talk."""""" Dude, it's happening.",Hot Air,obama,2016-03-16 20:37:07,-0.0790569415042095,0,281,9,0
58026,BOJ minutes - Some members said downside risks to economy ...,TOKYO (Reuters) – Some Bank of Japan policymakers said overseas economies continue to pose downside risks to Japan's economy and,euronews,economy,2016-06-21 01:28:04,0.166666666666667,0.143384833669101,-1,0,0
21943,How Microsoft CEO Satya Nadella did what Steve Ballmer and Bill Gates couldn’t,"On Thursday, February 4, Satya Nadella will celebrate his second anniversary as the CEO of ",Business Insider via Yahoo Maktoob News,microsoft,2016-01-30 06:16:00,0,-0.0668153104781061,-1,-1,-1
76903,Obama's Budget and Education: Three Things to Watch,"President Barack Obama's final budget is due out Tuesday. And it's the first budget since the passage of the Every Student Succeeds Act, the",Education Week (subscription) (blog),obama,2016-02-08 13:25:33,0.110485434560398,-0.0318943976924893,17,0,9
19405,Russian economy in turmoil as Putin is battered by falling oil price ...,"Russia's economy contracted at the fastest pace in six years in 2015, as plunging oil prices and sanctions over aggression in Ukraine took their",Telegraph.co.uk,economy,2016-01-25 19:54:34,-0.547279942669333,-0.104257207028537,53,4,56
89775,Michelle Obama wanted Biden to run so he could beat Hillary: book,"The rivalry between Barack Obama and Hillary Clinton in 2008 was so vicious it left """"""deep and lasting scars on both the Clinton and Obama",New York Post,obama,2016-04-12 02:34:09,0.226128855432604,0.026791294061691,244,3,0
60716,Massachusetts lawmakers debate fallout of 'gig economy',"BOSTON (AP) — From Beacon Hill to Capitol Hill, Massachusetts lawmakers are struggling to come to grips with a rapidly changing economy",wwlp.com,economy,2016-07-02 16:31:04,0.0472455591261534,-0.136386181397495,-1,1,0
38926,Sardis Locals Say Lake Economy Suffers As Southeast Oklahoma ...,Oklahoma's lakes drive millions of dollars of tourism to otherwise impoverished parts of the state. But the local economy around Sardis Lake is,StateImpact Oklahoma,economy,2016-03-31 17:41:18,0,0.19620627156065,5,0,0
74872,"Obama Weighs in on Oscars Diversity Debate, Super Bowl","The remarks were part of the latest installment of “Live from the White House” -- a round of interviews with television anchors from Richmond, Philadelphia, Milwaukee, Salt Lake City, Denver, Los Angeles, and Oakland to discuss the Affordable Care Act. David Ono, from ABC owned station KABC, asked Obama about the controversy surrounding the Oscars and its lack of diverse nominees in the top ",Good Morning America via Yahoo! News,obama,2016-01-27 22:38:00,0.1875,0.044620805841367,0,0,0
43949,"Economy is gaining momentum, says NAB","The economy is set for steady growth in the coming months despite global market volatility, a major bank says. The recovery of non-mining sectors remains resilient and businesses are more optimistic about the future, National Australia Bank's latest quarterly business survey shows. NAB chief economist Alan Oster said business confidence and conditions remained positive in the March quarter, with ",AAP via Yahoo! New Zealand Finance,economy,2016-04-20 21:12:00,0,0.073317726401121,0,0,0
88799,"Lisbon sweeps East Palestine, Southern",EAST PALESTINE - The Lisbon boys and girls track teams both left with victories in a tri meet on Tuesday at East Palestine High School.,Morning Journal News,palestine,2016-04-06 06:23:16,0,0.0382732772309872,0,0,0
16796,Prep for 10: Microsoft's UpdateAdvisor now available for Windows ...,The app itself is nothing too fancy as it merely clears temporary data out from your phone to make room for the update in addition to checking,Windows Central,microsoft,2016-01-14 19:54:30,0.176776695296637,-0.0457870838482329,40,5,4
82823,Obama welcomes Trudeau for official visit,Trudeau and his wife Sophie Gregoire-Trudeau emerged from a motorcade to be greeted on the South Lawn of the White House by Obama,CTV News,obama,2016-03-10 14:04:07,-0.114819831692961,-0.164433339214612,15,0,0
30259,Microsoft Embraces Linux: What That Means for You,"Yesterday, Microsoft announced that its upcoming release of SQL Server - the database that powers millions of businesses - will run on Linux,",Inc.com,microsoft,2016-03-10 01:35:34,0,0.0229583405352451,27,8,82
80520,Obama to nominate Scalia successor 'in due time',"WASHINGTON — President Barack Obama declared Saturday night he would seek to fill the Supreme Court seat left vacant by the death of Justice Antonin Scalia, charging into a heated and likely prolonged election-year fight with Republicans. Obama said a nomination was &quot;bigger than any one party.&quot; ",The Record,obama,2016-02-14 08:04:00,0.265165042944955,-0.113095238095238,-1,-1,-1
87086,"Obama endorses Senate, attorney general candidates in Pennsylvania","President Barack Obama waded into two hotly contested Pennsylvania Democratic primary battles Wednesday, endorsing Katie McGinty’s bid for U.S. Senate and Josh Shapiro’s campaign for attorney general. ",Pittsburgh Post-Gazette,obama,2016-03-30 21:19:00,0,-0.0456435464587638,0,0,1
100005,Palestinian FM Calls for Anti-Israel Sanctions if Peace Initiative ...,"RAMALLAH (Sputnik) """""" The international community should punish Israel if it tries to disrupt the French initiative on the Israel-Palestine conflict",Sputnik International,palestine,2016-06-06 11:12:37,-0.158113883008419,-0.102289636048121,47,0,0
16943,Venezuela's oil-based economy is about to flatline. Then what?,"Venezuela, the nation with the world's largest petroleum reserves, is facing one of the world's most painful, and predictable, economic",Washington Post,economy,2016-01-15 12:36:21,0,-0.0559016994374947,117,29,15
52068,"Microsoft's phone biz goes from dead to deader (The 3:59, Ep. 51)","Microsoft has thrown in the towel on its smartphone business. Shedding another 1,850 jobs -- on top of the 4,500 cut last week as part of the",CNET,microsoft,2016-05-26 14:00:12,-0.0431519139043809,-0.0142418249288094,20,4,113
10017,Opinion: US renewable energy isn't helping the economy  or the ...,"While ISIS kills, America is slowing its economy with its focus on leaving American consumers and our economy to feel the negative effects."""""".",MarketWatch,economy,2015-12-17 15:14:17,-0.355756236768943,0.00152041760249936,36,0,3
19759,Economists say Energy East pipeline vital to New Brunswick economy,University of New Brunswick economist David Murrell says the outlook for the economy looks bad with the closure of the PotashCorp mine near,680 News,economy,2016-01-26 20:40:28,0.309639687558154,-0.1063760397224,0,0,0
23722,"Amid steady growth, warning signs loom for Oregon's economy","SALEM, Ore. (AP) """""" State economists say Oregon's economy and job market continue to grow at a steady pace but they warn that ongoing",KTVZ,economy,2016-02-10 23:40:28,-0.385416666666667,-0.11457432647407,3,0,0
55933,Is this Microsoft’s new 4K Xbox One? Images leak ahead of official E3 launch,"Less than 24 hours ahead of the Microsoft E3 press conference, leaked Xbox One S images display a purportedly 40 percent smaller console with a slimmer design. ",Digital Trends via Yahoo! Sports,microsoft,2016-06-12 14:58:00,0.0914454401187863,-0.0597222222222222,-1,0,0
23392,First Drive: 2016 Nissan Sentra,"Compact economy cars compete primarily on price, and within their price bracket, they compete on features. If you break out of the price bracket, it doesn’t matter that you’ve got better features – you won’t even be in the game. So, the competition among the lowest-priced cars is especially brutal. How can an automaker win on price, offer a competitive feature set, and still make a buck? The ",Digital Trends via Yahoo! News,economy,2016-02-09 11:35:00,0.220486111111111,0.142630433730393,0,0,0
2492,Microsoft Office 365 connections live via NEXTDC's AXONVX,"Datacentre-as-a-service company, NEXTDC (ASX: NXT), and Microsoft Corporation have made private, high-speed connections to Microsoft",ARNnet,microsoft,2015-11-17 03:24:14,0.0918663649675207,-0.0430154501007303,2,1,1
35468,Microsoft elaborates on HoloLens pre-order process,"Since the project was unveiled at an event in January 2015, Microsoft hasn't been shy about wheeling out its Hololens tech for demonstrations",Digital Trends,microsoft,2016-03-22 18:06:53,0.0472455591261534,-0.186550626811159,6,1,1
45087,Microsoft's One-Handed Keyboard App Is Only For iPhones,"On Monday, Microsoft's free Word Flow keyboard app made its U.S. debut in Many other keyboards, like Swype and the Microsoft-owned",Wall Street Journal,microsoft,2016-04-25 23:21:03,-0.0462962962962963,0.0847089807106866,108,12,23
39335,Microsoft HoloLens hands on: Walking on Mars,"At Microsoft's annual Build developers conference I had a lesson at the HoloLens Academy, which involved playing with holograms, launching",Telegraph.co.uk,microsoft,2016-04-02 06:21:19,0.0944911182523068,-0.0279508497187474,16,0,1
62777,"Following 'Show Vote,' House Republicans Warn Ryan: Reject ...","I think the votes [to block funding for Obama's refugee program] are there, but leadership has to be there. So I'm not particularly optimistic that",Breitbart News,obama,2015-11-21 12:24:35,-0.087962962962963,-0.306319444444444,3297,5,0
14420,Dominant UK services sector dips in December amid further signs ...,"Growth in Britain's dominant services sector slowed slightly in December, adding to suggestions the UK economy expanded only modestly in",This is Money,economy,2016-01-06 12:40:18,0,-0.0813680291812424,0,0,0
99279,"President Obama, pardon Edward Snowden and Chelsea Manning","When it comes to civil liberties, Obama has made grievous mistakes. To salvage his reputation, he should exonerate the two greatest",The Guardian,obama,2016-06-01 15:55:29,-0.0441941738241592,0.409158544192486,797,59,13
49388,Google Gboard or Microsoft Word Flow: Which iOS Keyboard to Select,"Two of Apple's top competitors""""""Google and Microsoft""""""want a prominent place on iOS mobile devices. Just weeks after Microsoft announced",eWeek,microsoft,2016-05-13 17:07:24,0.0753778361444409,-0.038642751395957,2,1,2
22655,"Microsoft, GoPro Strike Licensing Deal",Microsoft Corp. said Friday that it has struck a patent-licensing deal with GoPro Inc. that will cover file-storage technology. ,The Wall Street Journal,microsoft,2016-02-05 13:56:00,0.0559016994374947,-0.177302035816744,10,2,3
58498,A Better World: A vote of confidence in America's economy,"But when it comes to the economy, businessman Warren Buffett says the doomsayers are “dead wrong.” In his annual letter to shareholders of",Florida Times-Union,economy,2016-06-22 19:40:05,-0.0218504602213023,0,-1,0,0
28602,Ohio economy grows by 2.3 percent last summer,"The state's economy grew at a rate of 2.3 percent from July 1 to Sept. 30, according to federal figures. That growth rate ranks Ohio 21st among",Columbus Dispatch (blog),economy,2016-03-02 16:00:32,-0.291347614611279,-0.255155181539914,1,0,2
28500,Midsized Business Owners 'Heroes of the U.S. Economy': ADP,In many ways midsized business owners are the heroes of the U.S. economy. Despite representing only one percent of the companies in the,Fox Business,economy,2016-03-02 11:00:28,0,-0.0398325588959533,4,1,92
49312,S&amp;P says SA's dismal economic growth a concern,"STANDARD &amp; Poor's is concerned about SA's dismal economic growth and its reliance on capital flows, the ratings agency's MD for",BDlive,economy,2016-05-13 12:44:19,-0.533634355153414,-0.0545544725589981,5,0,4
57241,"Dundee uni worth 740m to economy, report finds","THE economic worth of the University of Dundee to east and central Scotland has been measured at """"740 million, with activities linked to the institution",Herald Scotland,economy,2016-06-17 00:40:09,0.0883883476483184,0.0255155181539914,0,0,0
82356,"Michelle Obama, Emma Watson, and women around the world ...","Today thousands of people will celebrate International Women's Day, an annual event held each year on March 8 that calls for the complete cessation of",The Week Magazine,obama,2016-03-08 18:25:08,0.09375,-0.0269330469403242,12,0,0
97856,Obama Looks To Bolster Vietnam By Lifting Arms Export Embargo,"At a news conference in Hanoi, Obama said the move was intended a step toward normalizing relations with the former war enemy and to eliminate a &quot;lingering vestige of the Cold War.&quot; ",NPR,obama,2016-05-22 23:57:00,-0.158113883008419,-0.220179173112648,27,1,3
19387,Microsoft promises new features for Cortana personal assistant,"On its Windows Experience Blog, Microsoft has announced a series of new features planned for Cortana for Windows, which enables users to organize their schedule and get reminders of important dates, that will eventually be available to all Windows 10 users. The upgraded Cortana will have more ways to get reminders in a proactive way. For example, Microsoft Research is pursuing ways to have ",AFP Relax via Yahoo! Philippines News,microsoft,2016-01-25 09:08:00,-0.051559869461519,-0.13940589646157,0,0,0
19502,US economy shows resilience with robust hiring in December,"The US economy capped a strong year of jobs growth with stellar December data, demonstrating resilience amid slowing global growth, China's turmoil, and the steep decline of the oil sector. The Labor Department said Friday that employers added 292,000 new jobs last month, a year-end surge that was far better than expected. The report was seen as a good sign for the US economy which is proving to ",AFP via Yahoo! Finance,economy,2016-01-08 14:18:00,0.0729166666666667,-0.217124123350668,-1,-1,-1
20445,Weak Economy Could Stifle Oil Price Rally,"It knows that if it comes up with more QE measures, the dollar will crash, reversing the commodity crash and adding further economic pressure",OilPrice.com,economy,2016-01-29 00:02:21,-0.149610937232819,-0.0195618972513933,6,3,22
49500,"Forbes: Apple, Google, Microsoft among most valuable brands of 2016",Forbes' list of the most valuable brands in the world proves that tech companies can seemingly manage to conquer any best-of lists out there.,Chron.com,microsoft,2016-05-14 03:24:27,0.125,0.15,7,0,1
37041,Microsoft Build 2016: What to expect,"Now that Microsoft has published its session list for Build 2016, it's apparent that cloud and IoT are going to be the big themes this year.",ZDNet,microsoft,2016-03-26 21:21:04,0.0314447059335908,-0.0536458333333332,-1,-1,-1
461,Asian Shares Fall on Renewed Jitters Over Global Economy,"FILE - This Monday, Aug. 24, 2015, file photo, shows the New York Stock Exchange. Global stocks were weighed down Monday, Nov. 9, 2015",ABC News,economy,2015-11-10 03:01:10,0.0165123456790123,-0.0647024061931817,1,0,0
84815,Cuba: Is Obama Legitimising A Dictatorship?,President Barack Obama's decision to begin normalising relations with Cuba and visit Havana is causing a great deal of controversy here.,Sky News,obama,2016-03-19 19:48:06,0,-0.0409158544192486,40,1,0
8660,Microsoft's HAL re-installs spyware,"Software giant Microsoft knows that you really do not want to stop its engineers from snooping on all your activities. Sure, you might have turned",TechEye,microsoft,2015-12-11 09:00:24,0,-0.354129523809524,7,0,2
3661,Economy will slightly do better this year: Rangarajan,"Indian economy will slightly perform better this year as the productivity level of capital may remain high, former governor of RBI C Rangarajan",The Hindu,economy,2015-11-21 11:20:11,0.118857775268197,-0.0146104891516381,5,0,1
92798,Obama's Controversial Offshore Drilling Proposal Rests On ...,"To make its case for a new proposal that could expand offshore drilling in the Gulf of Mexico and near Alaska, the Obama administration",International Business Times,obama,2016-04-26 09:35:13,0.0472455591261534,0.0166417879515478,268,21,3
65818,Israel's cynical new strategy: Reframe Palestine debate as a ...,"By so doing, Israel amplified Palestinian fears since the clashes began at the Noble Sanctuary compound in East Jerusalem two months ago,",Salon,palestine,2015-12-07 13:09:44,-0.340277777777778,-0.179888104425046,649,25,9
58579,Why Donald Trump Might Be Wrong About the Economy,"The idea is to appeal to struggling voters' feelings of economic malaise—and then to ask them, implicitly or otherwise, to make the decision: Are",TIME,economy,2016-06-23 04:14:04,0.0416666666666667,0.189916666666667,-1,2,12
38468,"Microsoft's Windows 10 reaches 270 million users, no mobile numbers","The latest version of Microsoft Corp's Windows operating system has 270 million active users eight months after launch, the world's largest software company said on Wednesday. The number, announced by executive Terry Myerson at Microsoft's annual gathering for developers in San Francisco, represents a solid start for Windows 10 after the tepid reaction to its predecessor, Windows 8. Myerson said ",Reuters via Yahoo! Sports,microsoft,2016-03-30 09:32:00,-0.114168282379078,-0.11802775774777,0,0,0
52023,Microsoft bans easy passwords on all its accounts,"In the wake of last week's LinkedIn hack when 117m user credentials were leaked, Microsoft has announced it is tightening password security",Telegraph.co.uk,microsoft,2016-05-26 12:23:11,0.244835722985842,-0.0294261405386649,33,3,27
16916,President courts legislature for transforming of economy,"""""""This year, 2016, is an opportunity to hasten our economic development. Our Golden Jubilee year presents us with the challenge of renewing",Stabroek News,economy,2016-01-15 09:39:21,0,0.245495126515491,2,0,0
71166,"No 'Making a Murderer' Pardon From Obama, White House Says","President Obama will not be pardoning Steven Avery and Brendan Dassey, the subjects of the Netflix documentary series """"""Making a Murderer."""""".",New York Times,obama,2016-01-08 18:04:45,-0.0010980130764476,-0.190940653956493,708,1,16
36891,China's factories return to growth,China's Premier Li Keqiang said last Thursday that the country has enough policy tools to keep the economy stable despite &quot;deep rooted&quot;,The Straits Times,economy,2016-03-27 08:41:07,-0.190997473078107,-0.246650008821917,-1,-1,-1
99237,Palestinian journalist refused entry to UK as he might 'carry out ...,"A PALESTINIAN photo-journalist planning a tour of Scotland to show his work has been refused a visa to enter the UK for the second time in a year, because the",Herald Scotland,palestine,2016-06-01 06:53:34,-0.0753778361444409,-0.111317869485345,2,0,0
77602,Obama designates three more monuments in California,"President Obama is designating three more national monuments Friday totaling about 1.8 million acres of Southern California desert, nearly doubling the amount of public land that he has given the status with the stroke of his pen since taking office. In an announcement to come later Friday, the president will ",The Washington Times,obama,2016-02-12 05:12:00,0,0.0783730158730158,10,3,0
28426,"Oil rise 3 percent as China moves to boost economy, crude output ...","NEW YORK (Reuters) - Oil prices jumped 3 percent on Monday after China moved to boost its slowing economy, a drop in crude output from",Yahoo! Maktoob News,economy,2016-03-01 00:00:00,0.184298809373158,0.0586446789535523,8,1,7
77836,Obama confronts his political failure on campaign anniversary,"(CNN) Even as he works to accentuate eight years of achievements, President Barack Obama paused Wednesday to highlight where he",CNN,obama,2016-02-11 00:00:00,-0.0248592227760896,0.00535724619609324,-1,-1,-1
82258,Report: Obama to use UN to divide Jerusalem,"With about 10 months left in office, President Barack Obama is considering unprecedented moves to implement a two-state solution, according",Arutz Sheva,obama,2016-03-08 06:58:07,0.0392837100659193,0.0838525491562421,2940,42,20
103360,The Israel has frayed the fabric of the Palestinian society,The Palestinians are facing animosity from Israel as it has been necessitated for the Israel to wreak vengeance on Palestine for the all the,Blasting News,palestine,2016-06-28 10:52:20,-0.0790569415042095,-0.0510310363079829,1,0,0
75749,"Palestinian Boy Shot, Critically Injured in Ramallah-area Clashes","Israeli forces shot and critically injured a 14-year-old Palestinian during clashes in the Jabal al-Tawil area of al-Bireh City on Tuesday, medics told Ma’an. Medics said the teen was in critical condition after being shot in the lower stomach with a live bullet. ",The ,palestine,2016-02-02 10:17:00,-0.013888888888889,-0.0395051018640132,2,0,0
102399,Obama's tap as US troop commander in Africa requests more power ...,"President Obama's pick to lead US troops in Africa told the Senate he favors an expansion of capabilities in Libya to strike Islamic State. Yet, the",RT,obama,2016-06-22 00:23:12,0,0.0049029033784546,101,8,0
36331,Japan and Canada show some fiscal good sense,"With monetary policy being forced into ever more contorted positions to continue stimulating sluggish economies, particularly in the eurozone",Financial Times,economy,2016-03-25 17:00:47,0.254730307458695,-0.21220955383027,9,1,5
1393,Apple CEO Tim Cook slams Microsoft's first laptop,"On Wednesday, Apple CEO Tim Cook took a shot at Microsoft, calling its Surface Book laptop ","Nathan McAlone, Business Insider via Yahoo! Finance",microsoft,2015-11-12 07:59:00,0.165728151840597,0.114583333333333,6,0,23
53485,Xiaomi handsets to ship with Microsoft apps in global tie-up,"SINGAPORE (June 1): Microsoft Corp, which recently all but gave up on its smartphone manufacturing business, has announced a partnership with leading Chinese smartphone maker Xiaomi. The collaboration includes a cross-licensing and ",The Edge,microsoft,2016-06-01 04:34:00,0,0.123375401925778,0,0,0
29777,China's exports drop 25% stoking fresh concern over economy,"China's economy grew 6.9 per cent last year, its lowest rate of expansion in a quarter century. At the National People's Congress at the",Irish Times,economy,2016-03-08 09:06:28,-0.195190934390037,-0.238922766107065,3,3,0
92529,Obama warning on UK leaving Europe takes hold in sterling trade,Obama's pro-EU rhetoric triggered action in the currency markets Monday where sterling moved near a six-week high against the dollar. ,CNBC,obama,2016-04-25 03:53:00,0.376889180722205,0.0959403223600247,0,0,0
89012,Michelle Obama hits back against 'hateful' rhetoric,Washington (CNN) First lady Michelle Obama lauded diversity and immigration while shunning harmful political language during an event,CNN,obama,2016-04-06 22:35:09,0.224416405849229,0.139948217109838,183,8,0
41825,Microsoft Decides to Support U.S.-EU Data Privacy Shield,Microsoft Decides to Support U.S.-EU Data Privacy Shield ,Nasdaq,microsoft,2016-04-12 15:24:00,-0.118585412256314,-0.118585412256314,0,0,1
40731,Forex reserve rise eases economy fears,"As China ' s economy showed more positive signals in recent weeks , renminbi depreciation expectations weakened , according to a report",China Daily,economy,2016-04-08 10:01:13,0.0964486586220877,0.233389595151541,1,0,0
16303,Microsoft Working to Make Bing Faster Than Google,"Microsoft is bringing in a Bing update that will let ou test your internet connection directly from the search engine. With Google, you need an",Clapway,microsoft,2016-01-13 09:00:26,0.0484662772938278,-0.176388888888889,1,2,0
51987,Gig economy creates jobs where red tape paralyses,"Sir, I beg to differ with Cathal Rabbitte's assertion that even if Uber does grow, it plays a zero-sum game with labour (""""""Gig economy does little",Financial Times,economy,2016-05-26 00:20:04,-0.0441941738241592,-0.278050285890976,1,0,6
74439,Obama bans solitary for juveniles,President Barack Obama said Monday he was moving to ban solitary confinement for juveniles and low-level offenders in federal prisons. ,CNN,obama,2016-01-26 00:21:00,0,0,3384,4,51
98735,Lake Palestine Palooza draws thousands to unofficial summer ...,"If East Texas had an official start summer, it would be the annual Lake Palestine Palooza, a combination daylong concert and boat/RV show",Tyler Morning Telegraph,palestine,2016-05-28 16:26:35,0,-0.0536889027823569,0,0,0
32010,Local gov't electionsAnna Regina residents say economy at ...,"With local government elections set for tomorrow, residents of the township of Anna Regina, Essequibo Coast say the economy is at a",Stabroek News,economy,2016-03-17 06:18:28,0.0416666666666667,-0.0596962005795709,0,0,0
70801,Obama Admin Asks U.S. Supreme Court to Strike Down Law that Could Close Most Texas Abortion Facilities,"WASHINGTON -- The Obama administration asked the U.S. Supreme Court on Monday to strike down new abortion regulations in Texas that some say would close most of the abortion facilities in the state. The brief was one of 45 filed by entities from across the country, including members of Congress and various state attorney generals. As previously reported, in 2013, ",Christian News Network,obama,2016-01-06 15:24:00,0.330191859263447,0.263276236760455,0,0,0
79360,Obama jokes with governors about Supreme Court battle with ...,"Meeting with the nation's governors, President Obama made a joking reference Sunday night to his feud with Senate Republicans over",Washington Times,obama,2016-02-22 03:15:03,0.510416666666667,0,27,1,0
12571,Unlocking an AT&amp;T Microsoft Lumia 640 for use on T-Mobile,"Some of you may recall that prior to Thanksgiving, Microsoft dropped the price on an AT&amp;T locked Lumia 640 to a paltry $40 USD. For what the",WinBeta,microsoft,2015-12-29 20:04:24,0.0681594067793308,-0.0240562612162344,6,4,0
10968,How Microsoft deployed Windows 10 within its own company,"According to a report from ZDNet's resident Microsoft expert Mary Jo Foley, the company has deployed Windows 10 to more than 95% of its",WinBeta,microsoft,2015-12-21 21:09:23,0,-0.0533001790889026,17,0,4
6152,MICROSOFT: Australia has a lot to learn from startup powerhouse ...,"There's a lot Australia could learn from the startup story of Massachusetts, according to a report released by Microsoft, which says collaboration",Business Insider Australia,microsoft,2015-12-02 00:00:19,0.197642353760524,-0.133250447722257,2,0,21
89435,Obama Weekly Address: &quot;Build An Economy&quot; Where Everybody Has ...,"PRESIDENT OBAMA: Hi everybody. Over the past seven years, we haven't just been recovering from crisis, we've been rebuilding our",RealClearPolitics,obama,2016-04-09 14:35:10,-0.113066754216661,0.128108061210925,11,0,0
5500,Tensions With Russia Add to a Chill in Turkey’s Economy,"Even before Russia imposed sanctions over the downing of a combat jet, an influx of migrants and a loss of export markets hindered Turkey’s economy. ",International Herald Tribune,economy,2015-11-28 22:52:00,-0.113066754216661,-0.169626837718478,159,0,315
5648,Why The API Economy Is Exploding,APIs (known as application program interfaces) have been around for decades. The technology essentially allows software to move data,Forbes,economy,2015-11-30 15:52:13,0,0.136215591985646,13,3,303
17521,"If it's the economy, stupid, what can be done?","If the first 10 days of the new year are indicative of the economic outlook for 2016, buckle up. The precipitous decline in China's stock markets",UPI.com,economy,2016-01-18 11:00:21,0,0.0786728476414737,10,0,0
64290,"Obama's Address on Terrorism Today Is Too Little, Too Late","Whatever it was, President Barack Obama finally sought to reassure wary compatriots about to gather for Thanksgiving that he is taking their",Daily Signal,obama,2015-11-26 00:00:00,-0.0948683298050514,0.333126119305641,-1,-1,-1
25192,Red-ink China,China's government opened the credit taps early in 2016 in order to reduce the odds of a sharp economic slowdown. Private borrowing in,The Economist (blog),economy,2016-02-17 16:21:23,0.288675134594813,-0.0444168159074188,392,11,888
30594,Khamenei says Iranian economy yet to gain from foreign business visits,DUBAI (Reuters) - Supreme Leader Ayatollah Ali Khamenei said on Thursday Iran's economy had not yet benefited from the Western delegations visiting Iran as they had failed to deliver on their promises. ,The Star,economy,2016-03-10 19:47:00,-0.0678400525299968,0.0628618557093712,0,0,0
45598,China railway freight volume decline narrows in Q1 as economy ...,"Dragged by a housing slowdown as well as softening domestic and global demand, China's economy continued to slow in Q1 -- 6.7 percent",Shanghai Daily (subscription),economy,2016-04-27 16:12:21,0.0658807845868411,-0.253652671350749,0,0,0
83111,Barack Obama rushes to repair Special Relationship with David ...,Barack Obama has scrambled to repair relations with David Cameron hours after saying his intervention in Libya had amounted to a 's***show'.,Daily Mail,obama,2016-03-11 08:09:06,0.0416666666666667,-0.215030489496358,104,2,0
78143,"In search for Scalia's successor, Obama may see GOP opposition as incentive to select a liberal","As President Obama moves to replace the late Supreme Court Justice Antonin Scalia, the vow by Senate Republicans to block any nominee is providing him with a powerful incentive to focus on more liberal candidates. Often, particularly when facing a Senate controlled by the other party, a president ",Chicago Tribune,obama,2016-02-14 21:51:00,0.118958333333333,0.0603411218840547,101,0,0
61345,Brexit Erodes U.K. Economic Pillars as Property Investors Flee,Pillars of the U.K. economy are starting to shudder as the cost of Brexit hits home. Three asset managers froze withdrawals from real-estate,Bloomberg,economy,2016-07-05 19:08:06,-0.0395284707521047,-0.04375,-1,13,191
73131,Palestine-Israel: Europe Drowning in America's Failures,"On Monday, January 18, 2016, the monthly meeting of the European Union Foreign Affairs Council in Brussels is expected to discuss and",Huffington Post (blog),palestine,2016-01-18 18:05:10,0,-0.0279508497187474,24,2,1
3658,Focus on TC economy,"""""""The opening of the Turkish market to the Cyprus economy will benefit the service sector, shipping and tourism and therefore increase growth",In-Cyprus (press release) (subscription) (blog),economy,2015-11-21 05:40:11,0.046875,-0.0866127910194667,4,0,0
28212,EU's Only Recession-Free Economy Since Crisis Shrank After All,"Poland branded its economy as the European Union's sole """"""green island"""""" of growth surrounded by a sea of red recession following the 2008",Bloomberg,economy,2016-03-01 13:42:26,-0.122977464562104,-0.406413865552882,0,0,0
46266,Services rescue UK economy from worsening downturn,"The services industries, once again, have come to the rescue of the British economy. In the first quarter of this year, output fell in manufacturing,",Telegraph.co.uk,economy,2016-04-29 23:07:16,-0.0472455591261534,-0.01875,7,0,0
104538,Can Introverts Be Powerful Leaders? Ask President Obama,"As he wraps up his tenure, President Barack Obama shares that he is most productive in solitude. Here is how he leads while respecting his",Inc.com,obama,2016-07-05 19:40:14,0.0859331157691986,0.114583333333333,345,13,310
83056,Obama Blames Trump's Rise on GOP,President Obama assured the Canadian leader that Americans won't flee the country after the 2016 election. ,WABC-TV New York,obama,2016-03-10 18:31:00,0.0964486586220877,0.161374306091976,3,0,0
32389,Vote: Are you feeling better about the economy?,The economy seems on a much better footing after January's turbulence. Real or a false calm? Please vote in today's poll.,The Seattle Times,economy,2016-03-18 17:20:30,0,0.0159268751831964,0,0,0
16322,Microsoft Office for Android Makes It Easier for New Users to Come ...,"The Microsoft Office productivity suite for Android has received an update that brings interesting new features to the Word, Excel, and",NDTV,microsoft,2016-01-13 13:02:27,-0.0100234421734309,-0.0318234423260822,17,0,2
28483,Trudeau boosts effort on low-carbon economy,"They're looking to identify and promote policies that spur innovation, generate jobs and boost the economy while improving the environment",Globalnews.ca,economy,2016-03-01 23:00:26,0.188982236504614,0.251557647468726,29,0,0
85977,The Latest: Cruz attacks Trump's reference to 'Palestine',"&quot;Palestine has not existed since 1948,&quot; Cruz began in his speech Trump made at least three references to &quot;Palestine,&quot; and noted that both",Crookston Daily Times,palestine,2016-03-22 00:00:00,0,-0.159344359799775,-1,-1,-1
75023,Warren: Obama administration 'shockingly weak' on corporate crime,"Sen. Elizabeth Warren (D-Mass.) opened up a new broadside against the Obama administration Friday, accusing his Justice Department of",The Hill,obama,2016-01-29 11:11:30,0,0.0186338998124984,2573,22,2
86480,White House: Obama Discussed Exiled Fugitives With Cuban ...,"President Obama broached a topic of U.S. fugitives hiding in Cuba during his recent trip to the island nation, White House press secretary",Daily Caller,obama,2016-03-28 20:55:07,-0.063836028857119,-0.0956831930774679,3,0,0
98349,Faminist totally occupied by Palestine,"First, because Hall herself not only declined the prize; her supporters, the British Committee for the Universities of Palestine released the news",Arutz Sheva,palestine,2016-05-25 22:03:34,0.0559016994374947,0.0575938046266198,21,0,6
10331,"Excalibur Integrated Systems, Inc Announces Its Involvement In The ...","Chattanooga based Excalibur Integrated Systems, Inc, a privately held company, announced Friday its participation in the Microsoft Devices",The Chattanoogan,microsoft,2015-12-18 17:05:23,0.0833333333333333,0,0,0,0
10025,Elmo Solutions Announces Microsoft Dynamics NAV 2016 ERP ...,"The Agni Link Dashboard simultaneously displays tree view of the Bill of Materials being integrated, as well as a component pane that gives a",Business Wire (press release),microsoft,2015-12-17 15:12:24,0,-0.161432557789811,0,1,18
4170,"Microsoft Is More Male Than Last Year, Insists This Is Progress","So, back in December, Microsoft's chief executive publicly vowed to do better at diversity. The company, like its rivals in the tech industry,",Huffington Post,microsoft,2015-11-23 21:37:18,-0.0904534033733289,0.27229955252384,46,3,8
79480,Obama Moves Forward Despite Criticism: “I’m Going To Cuba”,Obama will be the first sitting president in 90 years to step foot on the island. ,Vibe Magazine,obama,2016-02-22 21:09:00,-0.12846752994434,0.121030729568982,15,0,0
25544,Growing number of Canadians pessimistic over economy: study,"Canadians have grown increasingly pessimistic about the economy, according to an amalgam of surveys dating back to 2002 that highlighted a gap in earnings between generations. The proportion of Canadians who rated themselves as belonging to the middle class fell dramatically in those years from 70 percent to 47 percent, said the study released Thursday by the University of Calgary School of ",AFP via Yahoo! India News,economy,2016-02-18 12:31:00,-0.0441941738241592,0.048820841617809,0,0,0
25524,Robust Indian economy to grow at 7.4% next fiscal: OECD,LONDON: Indian economy will continue to see robust growth at 7.4 per cent in the next financial year even as only modest recovery is expected,Economic Times,economy,2016-02-18 17:20:23,0.0729166666666667,-0.113955139133298,3,1,1
17960,"Consumer, Environmental And Economic Benefits Of A Tax-Free ...","As we enter the new year looking for legislative opportunities that produce massive economic benefits for American consumers, consider the",Forbes,economy,2016-01-19 19:38:23,-0.0833333333333333,0.00174692810742171,8,0,14
6436,Economist Bill Greiner says decline in consumer debt is helping US ...,"Bill Greiner, chief investment strategist at Mariner Wealth Advisors, compared the U.S. to a calm island in a tough international economy",Tulsa World,economy,2015-12-02 20:33:15,-0.0502518907629607,-0.128253555932672,2,0,6
21758,How Microsoft CEO Satya Nadella did what Steve Ballmer and Bill Gates couldn’t,"On Thursday, February 4, Satya Nadella will celebrate his second anniversary as the CEO of ",Business Insider via Yahoo Canada Finance,microsoft,2016-01-30 06:16:00,0,-0.0668153104781061,-1,-1,-1
99208,A Look Back At Barack Obama's Digs Over The Years,"With President Barack Obama's second term coming to a close, the first family reportedly is eyeing a luxurious new Washington, D.C., home.",Huffington Post,obama,2016-05-31 23:35:29,0.144937726091051,0.0316246861319897,19,0,0
66794,Obama's DJ Gives Us His Chill Holiday Travel Playlist,"So, we asked DJ Cassidy, who famously deejayed President Barack Obama's Inaugurations and 50th birthday, as well as the weddings of",Yahoo Travel,obama,2015-12-14 05:42:39,-0.0833333333333333,0.0547316388091424,65,0,0
48306,Alaska's economy slips on the oil bust,The 40-year free ride is done. Falling oil prices and production have left Alaska with a headache that won't fully go away even if petroleum,The Seattle Times,economy,2016-05-09 18:47:17,-0.052495065695726,-0.227708333333333,2,0,0
100346,Congress sends Obama bill to regulate toxic chemicals,"WASHINGTON """""" Congress on Tuesday sent President Barack Obama a sweeping bill that would for the first time regulate tens of thousands of",Washington Post,obama,2016-06-08 00:55:42,-0.0883883476483184,0.139912970108369,20,0,0
53213,Economy appears to be losing steam as growth slows down in first quarter,"OTTAWA - The Canadian economy appears to be losing steam as it heads into the second quarter, which is expected to be a tough period made worse by the Alberta wildfires. ",Canada.com,economy,2016-05-31 01:46:00,-0.0926667124683553,-0.251395778760838,0,0,0
74250,Fact-checking GOP candidate statements on Obama's military ...,"Earlier this month, Jeb Bush said at a debate in South Carolina that """"""every weapon system has been gutted,"""""" during the Obama administration.",PBS NewsHour,obama,2016-01-25 15:01:29,0.0441941738241592,-0.18245011229994,456,0,0
8190,3rd Party to Operate Microsoft's German Data Center,"Microsoft has revealed new details about its plans to open data centers in Germany. In a blog post, Ralf Wigand, senior program manager at",CMSWire,microsoft,2015-12-09 19:19:28,0.0441941738241592,-0.0311856332993227,4,5,17
102912,Obama on Brexit: US-UK Relationship Will Endure,President Obama said Friday the US-UK relationship will not change as a result of Britain's vote to pull out of the European Union. Obama said,USA TODAY,obama,2016-06-24 20:00:11,-0.132582521472478,-0.146201854910306,3,0,1
95034,"Obama to Republicans: Like it or not, you're stuck with Trump","If Republican leaders won't line up behind Donald Trump, President Obama is trying to lash them together himself. Obama seized on the",Los Angeles Times,obama,2016-05-06 23:35:11,-0.0753778361444409,-0.0222084079537095,118,0,1
66208,Why Obama and Trudeau are so close,"Justin Trudeau spent some of that time cultivating relations with the American embassy and, through it, the Obama administration.",The Globe and Mail,obama,2015-12-09 21:40:38,0.0651988715940917,0.415816017640393,191,6,1
35944,Microsoft launches first preview of Skype for the Universal Windows ...,"Microsoft today launched a preview of the next version of Skype for Windows 10. This preview, which is now rolling out to Windows Insiders,",TechCrunch,microsoft,2016-03-24 15:01:51,0.0691748238161833,-0.0521286035142687,96,7,86
104517,Trump: Who's paying for Obama's political trips?,"Donald Trump on Tuesday ratcheted up his criticism of President Barack Obama's travel aboard Air Force One to help Hillary Clinton, ripping",Politico,obama,2016-07-05 13:00:14,0,0.119925402950031,1229,48,50
16079,Auto Show: some see sales slowdown; fuel economy quandry,"U.S. fuel economy standards — or CAFE standards, for corporate average fuel economy — are scheduled to rise to a fleet-wide average of 54.5 miles per gallon in 2025. [] that gas is hovering around $2 per gallon, car companies are having a hard time selling fuel-efficient small cars, hybrids and electrics. Fiat Chrysler will spend $10,000 more to make the plug-in hybrid version of its new ",seattlepi.com,economy,2016-01-12 11:26:00,0.2271875,-0.219572916666667,1,1,0
9445,Donald Trump's Divisiveness Is Bad for the Economy,"White House spokesperson Josh Earnest described Donald Trump as """"""offensive and toxic,"""""" though that only begins to describe the corrosive",The Fiscal Times,economy,2015-12-15 11:20:20,-0.0846153076381606,-0.350938446468717,16,0,0
11195,Microsoft Buys Talko To Add to Skype for Business,"Microsoft announced that it has acquired technology from mobile communications app Talko to bring it to Skype. Specifically, it will become part of Skype for Business. In addition to the tech, the Skype team is getting Talko employees. “Together, the new technology and talent will help us deliver great new features and capabilities in both Skype and Skype for Business,” ",WebProNews,microsoft,2015-12-22 08:39:00,0.0416666666666667,-0.00968245836551846,2,0,0
73655,"Obama tours auto show, pledges help for Flint's water crisis","DETROIT (AP) — President Barack Obama on Wednesday hailed the revival of the nation's auto industry while acknowledging the water crisis in nearby Flint, Michigan, saying the detection of high levels ",Richmond Times-Dispatch,obama,2016-01-21 02:29:00,0.121055941678321,-0.0684653196881458,0,0,0
60908,"Global Economy Week Ahead: Central Bank Updates, US ...","Central bank reports in the U.S., England and China will help shape market sentiment this week in a shaky post-Brexit world. And American",Wall Street Journal,economy,2016-07-03 20:01:04,0.220970869120796,0.191666666666667,-1,2,20
4388,US consumer confidence falls hard in November,Confidence in the economy eroded this month as Americans became more worried about the job market. ,FOX30 / CBS47 Jacksonville,economy,2015-11-24 07:39:00,0.049977445198074,-0.187890625,0,0,0
92554,Obama has long focused on his legacy. Now he will step directly into ...,"As a young presidential candidate, Barack Obama traveled to Berlin in 2008 to lay out a new approach to tackling thorny global challenges,",Los Angeles Times,obama,2016-04-25 10:55:11,0.0963021174002133,-0.297592666579706,26,0,5
45935,Real Earth wins Microsoft Indoor Localization award,"Real Earth won the first place in Microsoft's Indoor Localization Competition, a well-known annual competition wich brings together real-time or",WinBeta,microsoft,2016-04-28 18:20:26,0.0708683386892301,0.171893077561711,1,1,0
19380,"Cortana to Scan Email, Remind You About Commitments",Microsoft's digital personal assistant can now suggest reminders based on your email. ,PC Magazine,microsoft,2016-01-25 09:35:00,0.309359216769115,0.182426647556444,0,0,0
8752,'Internet economy' is 6pc of US GDP,"The internet's economic impact has doubled since 2007 and now fuels at least six per cent of the overall US economy, a study showed on",Himalayan Times,economy,2015-12-11 20:00:18,0,-0.0637887953849786,0,0,0
64286,Obama buys Salman Rushdie’s book,US President Barack Obama visited a local bookstore here with his two daughters — Sasha and Malia — to buy books including one of Indian-origin writer Salman Rushdie. In all Obama purchas ,The Hindu,obama,2015-11-29 04:24:00,0.0510310363079829,0.0673519882600406,1,0,0
44333,Microsoft Sues U.S. Over Gag Orders On Government Surveillance,Microsoft is suing the Justice Department over gag orders that bar the company from informing customers when the government seeks information about them. Microsoft says the secrecy orders violate its free speech rights and customer legal protections against unreasonable searches. ,NPR,microsoft,2016-04-14 13:34:00,0.0790569415042095,0.0395284707521047,-1,-1,-1
71131,"Kansas Lawmaker Under Fire For Making Fun Of Latinos, Obama ...",It then jokingly fashioned unrelated words into a mock sentence in heavily accented English that celebrated Obama's leaving office in January,Huffington Post,obama,2016-01-08 14:24:45,-0.0329403922934207,-0.113655151164579,148,10,0
36733,USD/JPY: bears lining up on mixed U.S. economy outlook,"However, this streak of seven-day gains might end here as markets take a step back and ponder in respect of the US economy and its inflation",FXStreet,economy,2016-03-29 02:01:07,0.0314074317268505,-0.0342400784644404,3,0,0
44597,George Gilder Uncovers The Economy-Sapping Scandal Of Money,"Writing about the malaise-ridden 1970s in his masterful 1981 book Wealth and Poverty, George Gilder revealed that housing was among the",Forbes,economy,2016-04-24 14:01:17,-0.0208333333333333,0,21,1,6
40749,Apple CEO Tim Cook: Backdoor to iPhones Would Be Software Equivalent of Cancer,"In an interview, Cook reiterates his company's position that Apple will not create iPhone-cracking software for the FBI, as the government has ordered.     ",WBEZ 91.5 Chicago,microsoft,2016-03-23 20:17:00,0,-0.0765465544619743,-1,-1,-1
12059,Andhra-Microsoft to sign MoU on Monday,Andhra Pradesh Chief Minister N. Chandrababu Naidu and Microsoft CEO Satya Nadella a combo image. Photos: IANS,onmanorama,microsoft,2015-12-27 14:46:23,0.14173667737846,-0.0606339062590832,2,2,0
14761,Microsoft Windows boss says Microsoft has won the PC battle but not the war,When Microsoft first introduced the Surface Pro 4 tablet and Surface Book laptop back ,Business Insider via Yahoo UK & Ireland Finance,microsoft,2016-01-07 08:56:00,0.0167038276195265,0.268682907546595,0,0,0
3742,Microsoft presses pause on tool for porting Android apps to Windows 10 - CNET,"The software giant confirms its Project Astoria Android emulator is not developing as planned, although it's yet to write it off completely. ",CNET,microsoft,2015-11-16 05:37:00,0.0811898816047911,-0.179740048372022,-1,-1,-1
82447,Obama's Korean 2-step,The Obama administration's latest foreign policy two-step is revealed in South Korea amid talks of deploying a missile-defense system.,Tribune-Review,obama,2016-03-09 02:35:08,0,-0.109108945117996,0,0,0
74181,92 Democrats Ask Obama to Ban Import of 'Assault Weapons',(D-Bronx) and 91 other Democrats sent a letter to Obama this week asking him to go even further with his executive actions and ban the import,Breitbart News,obama,2016-01-24 16:45:30,0.0416666666666667,-0.0688449349391334,1374,9,0
5948,TARGIT Enables Self-Service Business Intelligence in the Cloud with Microsoft Azure Virtual Machines Offering,"TARGIT, the company behind the market-leading business intelligence and analytics platform, TARGIT Decision Suite, today announced availability of its first offering of Microsoft Azure Virtual Machines to allow access to advanced data discovery tools, simple self-service business analytics, comprehensive reporting, and stunning dashboards in the cloud via Azure. ",Business Wire via Yahoo! Finance,microsoft,2015-12-01 06:00:00,-0.019499395319447,0.161677019240049,0,0,0
50109,Hillary Clinton: Bill's job would be 'revitalizing economy.' Good idea?,"After all, a president's ability to influence the economy is more limited than you might think. A presidential spouse's ability to juice up the job",Christian Science Monitor,economy,2016-05-16 19:00:16,0,-0.1729375,10,18,0
90176,"Obama says unite against terror, fight IS group",US President Barack Obama urged nations on Wednesday to unite against terrorism after the deadly militant attacks in Brussels and said wiping out the Islamic State group was his &quot;top priority.&quot; ,Channel NewsAsia,obama,2016-03-23 10:15:00,-0.353553390593274,0.084621082756242,-1,-1,-1
80120,"President Obama's Teacher: Thanks for the Note, But I'd Prefer $12k!","0225-obama-letter-elementary-teacher-launch-01 President Barack Obama sent a touching note to a former teacher, wishing him a happy 80th",TMZ.com,obama,2016-02-26 00:46:04,0.0335012605086404,0.0651622866676922,36,5,1
100451,"A century later, the tide turns on Palestine","This week's dual commemoration of the May 1948 Palestinian Nakba (catastrophe of expulsion, exile, and occupation) and Israel's",Aljazeera.com,palestine,2016-05-15 00:00:00,0.0883883476483184,-0.0227377148471562,-1,-1,-1
31969,"Couchbase, the Database Company for the Digital Economy, Secures $30 Million in Funding Led by Sorenson Capital","Couchbase, the database for the Digital Economy, today announced it has secured $30 million in a series F round of funding led by Sorenson Capital with current investors participating in the round, including Accel Partners, Adams Street Partners, Ignition Partners, Mayfield Fund, North Bridge Venture Partners and West Summit. ",Business Wire via Yahoo UK & Ireland Finance,economy,2016-03-15 04:31:00,-0.09375,-0.0631476856926153,-1,0,0
36218,US 4th quarter GDP revised upward but company profits suffer,"The US economy grew faster at the end of 2015 than originally believed thanks to more willing spending by consumers, the Commerce Department said Friday. Most economists see US gross domestic product growth sticking to the fourth quarter pace during the current quarter and maybe picking up significantly only in the second half of this year as strong job creation numbers translate into better ",AFP via Yahoo! India News,economy,2016-03-25 08:34:00,0.0902566748839726,-0.198566960582892,0,0,0
6942,Surface Pro Holiday Deals 2015: Microsoft Offers Huge Discount ...,"Microsoft is hosting another daily offer, this time putting a Surface Pro deal front-and-center on its online store. On Friday, the store is offering a",International Business Times,microsoft,2015-12-04 14:20:20,0.0883883476483184,0.180421959121758,0,0,0
30520,Microsoft gives away SONiC networking kit as part of the Open Compute Project,"Microsoft took a big step into the world of free, open- […] ",SiliconANGLE,microsoft,2016-03-10 13:35:00,-0.218605806498484,-0.182686561211179,3,1,43
41115,The US economy: Goldilocks it's not,The last few years the U.S. economy has been marked by barren first quarters following by blossoming growth in the spring. The same pattern,MarketWatch,economy,2016-04-10 17:05:13,-0.255155181539914,-0.267083333333333,33,1,28
48595,Microsoft will deliver open source .Net Core in June,"In an effort to woo non-Windows developers, Microsoft is moving .Net Core, the open source, cross-platform implementation of its .",InfoWorld,microsoft,2016-05-10 20:45:24,-0.0439814814814813,0.0530390705434705,21,3,25
63817,France's president has always been far tougher than Obama,"Most notably, at the crucial moment in the Syrian war when Obama declared that his """"""red line"""""" had been crossed, France, more than any other",New York Post,obama,2015-11-18 00:00:00,-0.0416666666666667,-0.225,-1,-1,-1
45120,Microsoft Translator app now supports images on Android,Microsoft's Translator app for Android now has the ability to translate text within images. Its latest update also adds additional downloadable,TechnoBuffalo,microsoft,2016-04-25 00:00:00,0.0883883476483184,0.027277236279499,7,1,8
77359,Mind your Ps and Qs: Israeli lawmaker puzzles with Palestine ...,Jerusalem (AFP) - An Israeli parliamentarian has drawn ire and ridicule after suggesting &quot;Palestine&quot; is a borrowed term that Palestinians,Yahoo News,palestine,2016-02-11 11:10:09,0.04776356882546,-0.272772362794991,5,0,0
25714,"Developing 'blue economy' would mean social, economic, environmental development: Anil Wadhwa","New Delhi, Feb. 19 (ANI): Underlining the potential of the 'blue economy', Secretary (East) Anil Wadhwa on Friday said it would mean integrating its goals into social, economic and environmental development. &quot;Leveraging of technology, such as marine spatial planning to harvest marine resources in a sustainable manner, is a priority. ",ANI via Yahoo! India News,economy,2016-02-19 05:06:00,0.0376889180722205,-0.0736569563735987,0,0,0
29643,"Microsoft's Edge reverses trend, gains share among Windows 10 ...","Microsoft's Edge browser made gains in user and usage share last month, but the default browser of Windows 10 remained the choice of a",Computerworld,microsoft,2016-03-07 19:00:36,0.0441941738241592,0.0999131567356817,15,5,4
14582,Muscat Festival 2016 success will give economy a boost,"However, Salem Al Maamari, Ministry of Tourism representative, said that the festival would definitely contribute to the economy and that the",Times of Oman,economy,2016-01-06 23:40:22,0.11257238165765,0,2,0,0
66351,"Donald Trump's Muslim travel ban may be dumb but laid-back, do ...","But by taking such an extreme position, he may force more timid politicians like Obama to finally confront this ISIS menace properly """""" before it's",Daily Mail,obama,2015-12-10 15:44:43,-0.144337567297406,0.172548691516367,641,18,48
16726,South Africa's worst drought in memory adds to economic gloom,"The worst drought in over a hundred years has devastated crops and could tip the economy into recession, adding to a loss of investor faith in",Reuters,economy,2016-01-14 16:12:27,-0.206700961641214,-0.281406225159217,4,0,1
47533,Microsoft's take on 3D Touch hovers above Apple's own,"Add this to the list of cool smartphone experiments, like Word Flow, that Microsoft's working on: tech that can detect your fingers before they",TechRadar,microsoft,2016-05-05 17:40:22,-0.128819444444445,0.306186217847897,6,1,0
53902,Property market could put entire economy at risk - The West Australian,"The Australian property market could face """"""dramatic and destabilising developments"""""" and put the entire economy at risk, the OECD has warned",The West Australian,economy,2016-06-03 01:59:09,-0.113066754216661,-0.190940653956493,11,0,10
67281,Obama administration sets $1.83 billion arms sale to Taiwan,WASHINGTON (Reuters) - President Barack Obama's administration formally notified Congress on Wednesday of a $1.83 billion arms sale,Yahoo News,obama,2015-12-16 16:47:42,0.132582521472478,0.0625,59,0,1
17050,What is the biggest risk to the global economy?,"For the first time, the survey cited the negative consequences of climate change as the biggest threat facing the global economy, notes The",The Week UK,economy,2016-01-15 16:40:20,0,-0.0599478940414091,3,3,2
73155,Michelle Obama turns 52! A dance party of photos for her birthday,(and presidential hopeful) Barack Obama and Michelle Obama dance as Oprah Winfrey watches during a December 2007 campaign rally in,Politico,obama,2016-01-17 00:00:00,-0.0753778361444409,-0.129046350302191,318,30,0
48519,The Microsoft phone that reacts BEFORE you touch it,"Microsoft unveiled the pre-touch technology at the CHI 2016 human computer interface conference in San Jose, California. They say it will transform how people interact with phones. ",Daily Mail,microsoft,2016-05-09 05:44:00,-0.0274305555555556,0.0721687836487032,36,0,0
46261,"Microsoft Outlook For Android Adds Wunderlist, Facebook, And ...","In its quest for world domination adequacy, Microsoft has an Android variant of their well-known Outlook email client. In fact, it's a decent app.",Android Police,microsoft,2016-04-29 21:40:23,0,-0.075,10,1,0
48191,"Google, Apple and Microsoft may need licence for Maps in India","Companies such as Google, Microsoft and Apple, which have millions of Indians using their maps, would be hit directly by the legislation if it is",Times of India,microsoft,2016-05-09 06:20:21,-0.106785267871291,-0.261805555555556,0,0,0
69000,Obama Is 'Hopelessly Out of Touch' on Daesh,"US President Barack Obama's comments on Daesh (also known as ISIL) show that he is hopelessly out of touch, according to the Washington",Sputnik International,obama,2015-12-27 15:10:43,0,-0.0691066000755131,2,1,0
71095,Is Obama's Hope For Better Fuel Economy Sputtering Out?,"That's a huge turnaround from 2009, and the Obama administration cheered the rebound as vindication of the president's decision to rescue",NPR,obama,2016-01-08 10:08:44,0,-0.0726722092687432,76,1,14
95608,President Obama's Deceitful Legacy Tour,As President Obama's second term nears its end he has begun a media tour emphasizing what he claims are the positive aspects of his,Accuracy In Media,obama,2016-05-09 09:15:12,0,-0.0489047431284835,24,2,0
43212,Microsoft Is on a Charge in the SaaS Market,New data from Synergy Research Group shows that Microsoft is now challenging for leadership in the enterprise SaaS market. In 2015 Microsoft grew its market share by almost three percentage points but ,Marketwired via Yahoo! Finance,microsoft,2016-04-18 03:00:00,-0.00231481481481467,0.0187088856277891,0,0,0
4707,More to the state economy than single number,"The October report from the Vermont Department of Labor looked good. Vermont's unemployment rate remained stable at 3.7 percent, about",BurlingtonFreePress.com,economy,2015-11-25 17:52:14,0.114904851942814,0.15234638577342,6,2,1
72731,Obama congratulates Pena Nieto on 'Chapo' recapture,"US President Barack Obama congratulated his Mexican counterpart Enrique Pena Nieto Friday on the recapture of drug baron Joaquin &quot;El Chapo&quot; Guzman, the White House said. Pena Nieto has now launched extradition proceedings for Guzman, while boosting security at the prison where he is held. The White House said Obama spoke with Pena Nieto &quot;to congratulate him on the arrest,&quot; which occurred one ",AFP via Yahoo! News,obama,2016-01-15 18:48:00,0.0472455591261534,-0.0393444998751644,0,0,0
74127,"Bill Maher destroys Sarah Palin, Obama is just a 'much better parent ...","The former half-term governor of Alaska addressed the situation during a campaign rally on Wednesday, blaming Present Obama for her son's",Blasting News,obama,2016-01-23 00:00:00,0.0371869704634291,-0.039975134316677,3486,1,0
68807,BETWEEN THE LINES,"""""""In some areas of the Middle East where church bells have rung for centuries on Christmas Day, this year they will be silent,"""""" Obama said.",WND.com,obama,2015-12-25 22:46:41,0,-0.0638888888888888,105,16,0
56024,French Economy Grows Faster Than Estimated as Investment Jumps,"The French economy grew faster than originally estimated in the first quarter, lifted by improving corporate investment. ",Bloomberg,economy,2016-05-30 00:38:00,-0.0416666666666667,0.174322480494864,-1,-1,-1
56445,"Ahead of climate, economy, refugees, survey finds Europeans view ...","BERLIN """""" Europeans view the militant group Islamic State as the biggest threat facing their countries, ahead of climate change, economic",The Japan Times,economy,2016-06-14 06:20:08,0.0277777777777777,0.0230594510179665,-1,0,0
79919,Obama warns high court credibility at stake in nominee fight,WASHINGTON (AP) — President Barack Obama accused Senate Republicans on Wednesday of putting the Supreme Court's credibility at risk if they make good on their vow not to consider or vote on his pick to replace the late Justice Antonin Scalia. ,Denver Post,obama,2016-02-24 06:52:00,0.100797600417867,-0.119968908732638,1,0,0
96067,Obama Said to Plan Release of Methane-Limit Rules on Thursday,The Obama administration will unveil on Thursday the first explicit U.S. regulation of methane emissions with a rule designed to reduce leaks of the potent greenhouse gas from oil wells. ,Bloomberg,obama,2016-05-11 16:11:00,0.0643852350400433,0.0467722140694726,11,3,5
62949,Settlers Attack School in Nablus Village of Burin," their attacks against Palestinians in the West Bank, Jerusalem, Gaza and the Arab communities in the occupied 1948 Palestinian land during",WAFA - Palestine News Agency,palestine,2015-11-22 14:24:43,0,0.139754248593737,9,0,0
10623,Microsoft Says Xbox One Cloud Tech Available to Any Game ...,"Microsoft will not keep outside developers from using its Azure cloud-based technology, not even developers of exclusive games for other",GameSpot,microsoft,2015-12-20 11:46:22,-0.0436460197887822,-0.100698463931817,184,108,18
78171,Obama welcomes Southeast Asian leaders to US for talks,"President Barack Obama opened a meeting of leaders from a 10-nation bloc of Southeast Asian nations on Monday, calling the landmark gathering on U.S. soil a reflection of his personal commitment to an enduring partnership ",Channel 8 San Diego,obama,2016-02-15 17:11:00,0,-0.0833333333333333,0,0,0
70795,Palestinian Authority to Lead to Palestinian State - President,"The Palestinian Authority will not collapse, and will be followed by a Palestinian state, President Mahmoud Abbas said on Wednesday.",Sputnik International,palestine,2016-01-06 22:24:49,0.0883883476483184,-0.191929168068732,5,0,0
10252,Goldman Sachs thinks Microsoft is making a comeback -- here's why,"Goldman Sachs has published a 22-page research note looking at Microsoft's business and its opportunities. The research, titled """"""Righting a",Business Insider Australia,microsoft,2015-12-18 11:08:22,-0.118585412256314,-0.0450319245468708,2,1,16
36972,Brussels' economy is rebounding after terrorist attacks,Marketplace host Lizzie O'Leary talked to BBC reporter Dan Johnson in Brussels about how residents in the Belgian capital are returning to,Marketplace.org,economy,2016-03-29 01:01:11,0,0.0533001790889026,0,0,0
36793,Claim and counter-claim on Scotland's economy,"In addition, for the first time in decades our unemployment and onshore economy is diverging negatively from rUK and, given our taxes are now higher, it will be",Herald Scotland,economy,2016-03-27 02:20:52,0.0472455591261534,0.100396813143076,-1,-1,-1
52773,Botswana's economy to return to growth this year - cenbank,GABORONE May 30 (Reuters) - Botswana's economy will return to growth this year after contracting in 2015 as water and electricity supply,Reuters Africa,economy,2016-05-30 09:40:12,-0.142361111111111,-0.0262872195060019,0,0,0
9759,"Canada's Trudeau Says Fed Hike Signals Stronger U.S. Economy, Which is Good for Canada","Canada's Trudeau Says Fed Hike Signals Stronger U.S. Economy, Which is Good for Canada ",Nasdaq,economy,2015-12-16 10:14:00,0.0746356165675388,0.0746356165675388,2,0,0
23660,The freelance economy may be here to stay,"""""""The economy benefits by having the ability to bring together the best talent who have experience, skills, and expertise that's relevant,"""""" he said.",Yahoo Finance,economy,2016-02-10 18:54:25,-0.132582521472478,-0.0999131567356817,38,0,421
103144,Afghanistan War: Obama's Vietnam,President Obama's legacy is being tarnished for having been engaged in seven foreign wars in third world countries during two terms,Huffington Post,obama,2016-06-26 22:40:12,-0.125,0,29,1,0
53520,Microsoft unveils its new vision for Windows,"Microsoft announced Windows Holographic, a software platform that enables VR and AR gadgets to work together, even if they're made by different manufacturers. Think of it like the Windows operating system, but for virtual reality. Popular: Radical Islam in America | Graham Opposes Republican Leader | Guns in America ",CNN Money,microsoft,2016-06-01 06:00:00,-0.0551198189805122,0.00919253331835685,0,0,0
9835,Working people need to benefit from growth in economy,"Strong growth in the economy in the three months to September was not matched by growth in employment, with more people not in work.",Scoop.co.nz (press release),economy,2015-12-16 23:39:21,-0.118055555555556,-0.201041020121658,2,0,0
45517,New logistics model to support the circular economy,Deutsche Post DHL Group together with Cranfield University and the Ellen MacArthur Foundation's Circular Economy 100 have developed a,Post and Parcel,economy,2016-04-27 10:56:20,-0.00736569563735976,-0.162045304021917,1,0,2
11705,"Plunging oil prices shake up global economy, politics","After two years of falling prices, the effects have reverberated across the globe, fueling economic discontent in Venezuela, changing Russia's",NOLA.com,economy,2015-12-24 15:00:16,-0.00736569563735976,-0.0465847495312455,33,3,9
50307,Business Day|Japan's Economy Posts Growth for the First Quarter,"Japan's economy, the world's third largest, expanded at the fastest pace in a year during the first quarter on stronger private consumption and",New York Times,economy,2016-05-18 02:24:17,-0.0520833333333333,0.0456125280749851,22,1,42
46736,Will Microsoft announce a new hardware at E3?,"Microsoft is expected to ship a new standard controller with the upgraded Xbox One, and the design of new controller will possibly be similar to",YIBADA English,microsoft,2016-05-02 16:02:23,0,-0.0583333333333332,0,0,0
85432,Ted Cruz rips Obama's Cuba trip: 'Today is a sad day in American ...,"Ted Cruz slammed President Obama's historic trip to Cuba on Sunday, arguing that the United States is sending a dangerous message to",Yahoo Politics,obama,2016-03-21 00:00:00,-0.0857088844861897,-0.0644043830657573,1400,14,2
59683,Entity Framework Core: Microsoft's ORM goes cross-platform,"In conjunction with two other critical open source releases, Microsoft this week made its Entity Framework Core 1.0.0 available, providing a",InfoWorld,microsoft,2016-06-28 11:02:12,0.0441941738241592,0.05434887445312,-1,1,10
80864,White House Devastates Republicans By Blaming Obstruction Of ...,"White House Devastates Republicans By Blaming Obstruction Of Obama For The Rise of Trump. By Jason Easley on Mon, Feb 29th, 2016 at",PoliticusUSA,obama,2016-02-29 19:32:05,-0.284806897977915,-0.227976710447478,1776,124,0
89205,"Obama dines with Disney executives, Julia Roberts at glitzy fundraiser in Bel-Air",President Obama dined with Hollywood A-listers and top Disney executives in Los Angeles on Thursday night during a quick visit for political fundraisers. He was in Bel-Air for a Democratic Congressional Campaign Committee reception and dinner with House Minority Leader Nancy Pelosi and the committee's ,Los Angeles Times,obama,2016-04-07 09:14:00,0,-0.132190148544967,98,0,0
24314,IMF predicts stable growth in Dutch economy,"The International Monetary Fund expects that the Dutch economy will show the same growth in 2016 and 2017 that it did last year, according to",NL Times,economy,2016-02-12 00:00:00,-0.188982236504614,-0.2416377975401,1,1,0
49009,Analog Devices collaborates with Microsoft and Hexoskin on new ...,"Bangalore: Analog Devices has announced its collaboration with Microsoft and Hexoskin regarding a unique, wearable Internet of Things (IoT)",ETCIO.com,microsoft,2016-05-12 12:00:24,-0.048611111111111,0.0286769667338202,2,1,9
99670,Donald Trump tweeted out 9 graphs proving that Obama failed. We ...,"There's a theme you'll see present itself here: That Obama took office right after the recession began. As a result, he appears to perform poorly",Washington Post,obama,2016-06-03 14:15:29,-0.0395284707521047,-0.12469568452381,2203,100,88
88252,East Palestine OES,EAST PALESTINE - East Palestine Chapter 381 Order of the Eastern Star held its March meeting with Loretta Davidson and Gary Todd,Morning Journal News,palestine,2016-04-04 06:25:15,0,-0.111803398874989,0,0,0
5554,"Microsoft Lumia 950, 950 XL first impressions: Display dock gives these an edge"," Microsoft Lumia’s ambition to be a preferred business smartphone for executives may finally take flight in India with the launch of its Lumia 950 and 950 XL. With Microsoft’s Display Dock, you can convert these new smartphones into a full-fledged PC running Windows 10, thanks to Continuum. You will need an external display (any TV with HDMI port), a Bluetooth mouse and keyboard combo along with ",The Indian Express via Yahoo! India News,microsoft,2015-11-30 03:38:00,0.141333442770827,-0.115334162641573,0,0,0
2958,Wall Street still thinks Microsoft could buy $50 billion Salesforce,"It's been nearly 6 months since talks of Microsoft acquiring Salesforce fizzled out, but some ",Business Insider via Yahoo! Finance,microsoft,2015-11-18 09:01:00,-0.0992063492063492,0.133630620956212,1,0,1
55975,"One year on, MSCI set to delay China A-share inclusion (again)"," renminbi, suspected intervention by state-backed funds and fears about economic growth, top officials believe MSCI will give the green light.",CNBC,economy,2016-06-13 04:58:09,0.207846096908265,-0.104690225272719,-1,4,27
94578,Rock Group Man Helps Obama Celebrate Last Cinco de Mayo at ...,"For his final Cinco de Mayo fiesta at the White House, President Barack Obama is celebrating with some old friends, Man"""", the Grammy- and",NBCNews.com,obama,2016-05-05 10:35:11,-0.157037158634252,-0.0878867847526373,344,4,0
57262,Bank of England says Brexit would pose risks to global economy,"The Bank of England escalated its warnings about the fallout from a British vote to leave the European Union next week, saying it could harm the global economy and sterling looked increasingly likely to fall further after an &quot;Out&quot; decision. The BoE's monetary policymakers also discussed the Bank's contingency plans to protect the banking system in the event of an &quot;Out&quot; vote, including closer ",Reuters via Yahoo! Finance,economy,2016-06-16 04:48:00,0.0376889180722205,0.148328500311572,-1,0,0
28402,Australia economy beats all forecasts to reach 3% growth,"Australia's economy grew by a stronger-than-expected 0.6 per cent in October to December, taking the annual rate of expansion to 3.0 per cent, data showed on Wednesday. ",Channel NewsAsia,economy,2016-03-01 19:18:00,0,-0.0481125224324688,3,0,1
62361,Vigil held for citizens of Palestine,NYU Law students gathered for a silent vigil on Friday to show solidarity with Palestinian citizens in their ongoing struggle with Israel. The vigil,NYU Washington Square News,palestine,2015-11-08 00:00:00,0,-0.168508734475318,-1,-1,-1
87801,Summit underscores Obama's mixed results on nuclear security,President Obama convened more than 50 world leaders in Washington this week hoping that international progress on one of his,Los Angeles Times,obama,2016-04-01 23:35:07,0.058004853144209,0.0430154501007303,9,3,2
38249,Edinburgh Airport 'worth almost 1bn to Scottish economy' says report,"Edinburgh Airport contributes nearly """"1bn to the Scottish economy annually and supports more than 23,000 jobs, a new report has suggested.",BBC News,economy,2016-03-30 03:32:15,0,-0.144412723546861,27,1,46
71678,The Hypocrisy of Obama's Gun Control Crusade,President Barack Obama took to the stage last week to announce the latest initiative in his crusade to make it more difficult for Americans to,CounterPunch,obama,2016-01-11 09:44:46,0.14173667737846,-0.00481666666666671,115,3,4
19220,8 things Raghuram Rajan said in Davos to allay global economic ...,"The Reserve Bank of India Governor Raghuram Rajan, while attending the World Economic Forum meet in Davos, Switzerland, spoke, in his",Daily News & Analysis,economy,2016-01-25 06:02:20,0,0.136386181397495,14,2,0
85597,Obama Urges Raised Voices in Cuba's Hushed Discussions of Race,"Workers painted fresh pavement in Havana on Saturday, the day before President Obama arrived in Cuba. Credit Mauricio Lima for The New",New York Times,obama,2016-03-23 09:15:06,0.0395284707521047,0.0584821409447682,1058,15,38
64445,Obama Insists 'We Have to Do Something' About Mass Shootings ...,"We have to do something, the president says. But what exactly? It is not surprising that Obama did not bother to address that question, because",Reason (blog),obama,2015-11-30 11:37:37,0.0592927061281571,-0.108333333333333,525,21,0
80367,Injured friends share legs and shoes in Palestine,"Adli Ebied and Mansour al-Qerem live in Shejayeh, west Gaza City, an area that was destroyed during the Israeli attack on the blockaded strip",www.worldbulletin.net,palestine,2016-02-26 15:35:11,0.0441941738241592,0.0486111111111112,0,0,0
624,"Piper Jaffray Raises Microsoft (MSFT) EPS, Price Target on Halo ...","Piper Jaffray analyst, Katherine Egbert, thinks Microsoft's (NASDAQ: MSFT) Halo 5: Guardians could be the company's most successful Halo so",StreetInsider.com,microsoft,2015-11-10 13:35:16,0,0.143384833669101,0,0,0
69486,Obama cries as Aretha Franklin proves why she's the queen of soul,"Regal: Aretha Franklin at the opening of the Mica and Ahmet Ertegun Atrium at Lincoln Center, New York. Photograph: Mike Coppola/(Credit",The Guardian,obama,2015-12-30 15:57:44,-0.0360843918243516,0.0155458855675967,11086,213,88
41962,ECONOMY: US retail sales fall in March as Americans buy fewer cars,"U.S. retail sales fell last month as Americans cut back on their car purchases, the latest sign that consumers are reluctant to spend freely.",Press-Enterprise,economy,2016-04-13 13:55:18,-0.0578686728146083,-0.0291666666666666,1,0,0
81149,"Wednesday, 2 Mar 2016","RAMALLAH, February 29, 2016 (WAFA) - The Government of Japan contributed $38.21 million to the United Nations Relief and Works Agency for Palestine Refugees in the Near East (UNRWA). ",,palestine,2016-03-01 14:04:00,-0.243067956032876,0.0485459183673469,0,0,0
89245,President Obama expected in Bay Area today,President Obama will be back in San Francisco today for fundraising events. He's expected to arrive at SFO around 1:30 this afternoon. Expect,KGO-TV,obama,2016-04-08 14:13:08,-0.0472455591261534,0.208203824566026,80,2,0
29035,Microsoft gets German certification for data security,"Microsoft confirmed it will offer its cloud services Azure, Office 365 and Dynamics CRM Online from German data centres beginning in the",Telecompaper (subscription),microsoft,2016-03-04 14:06:37,-0.0324813218992305,-0.071034469477862,0,0,0
78526,Donald Trump to President Obama: I could have beaten you in 2012,"BEAUFORT, S.C. -- President Obama and Republican front-runner Donald Trump exchanged insults on Tuesday, with the president insisting",Washington Post,obama,2016-02-17 02:55:03,-0.131911213252772,-0.0573539334676404,295,3,2
38844,Kenya''s economy seen accelerating,"Nairobi - Kenya's economic growth is expected to accelerate both this year and next, helped by low oil prices, improved agricultural output,",Independent Online,economy,2016-03-31 15:01:15,0,-0.238675817445617,0,0,0
74965,"Lawmaker Calls on Obama to Fund A-10, Develop Replacement","WASHINGTON """""" Ahead of President Barack Obama's budget rollout next week, an influential Air Force pilot-turned lawmaker called on the",DefenseNews.com,obama,2016-01-29 00:05:30,0,0.0838525491562421,79,0,120
48485,Microsoft shutting down its MSN portal in China,"Microsoft is shutting down its MSN portal in China from June 7, as pressure appears to be building up on content services from foreign companies in a country that already bans access to Facebook and Twitter. ",Computer World Australia,microsoft,2016-05-10 00:02:00,0.158086242616836,0.0931870602739724,1,0,0
70133,Watch a cat in a monkey suit licking a banana,"Bernard T Blezard : Absolute disgrace , our armed forces should be treated with the utmost respect regardless of the Whatever : Would be so sweet that the Boring One gets sacked after a Liverpool defeat – from his over-the-top ",Anorak,palestine,2016-01-03 13:53:00,-0.232778772206839,-0.116393869661322,0,0,0
54711,"Alan Alexander: Focus on migration, economy and UK sovereignty",Topics for discussion include: the economy; labour market issues; migration; welfare; environment &amp; energy; human rights; and constitutional,Scotsman,economy,2016-06-06 23:07:07,0.0729166666666667,0.441941738241592,0,0,3
50588,There's one key area that Microsoft CEO Satya Nadella hasn't changed but probably should,Satya Nadella has been CEO of Microsoft for just over two years and has been credited for ,Business Insider via Yahoo Maktoob News,microsoft,2016-05-16 08:54:00,-0.0668153104781061,0.017684889325566,-1,-1,-1
57625,The global economy and Guyana,"20130728rawle's business page The World Bank has revised its projections for the global economy for 2016. At the beginning of the year, the",Stabroek News,economy,2016-06-19 07:24:04,0,0.186550626811159,1,0,0
28331,Stocks snap higher following encouraging signs on US economy,"The reports, which came out at 10 a.m., were good signs about the health of the U.S. economy. Stocks surged and bond prices fell as a result.",The Province,economy,2016-03-01 20:00:32,0.0579166666666667,0.250171797456194,0,0,0
77385,Palestinian refugees fleeing Syria seek home in Gaza,Palestinian refugee Heesham Ahmed El Khoranin and his family have occupied Gaza in 1967 and forced his parents to flee from Palestine.,International Solidarity Movement,palestine,2016-02-11 13:20:14,0.0883883476483184,-0.136386181397495,14,7,0
40658,Microsoft Office 365 clutter function generates disorder for OU email ...,"Moving OU's email system to Microsoft Office 365 has caused some The clutter function is a Microsoft Office 365 feature, a folder based on",The Oklahoma Daily,microsoft,2016-04-08 00:41:23,-0.125,-0.0533001790889026,6,8,0
101257,Obama to go to Orlando to pay respects to victims Thursday,"WASHINGTON (AP) - President Barack Obama will travel to Orlando on Thursday to pay respects to the victims of last weekend's nightclub shooting and to stand in solidarity with the community as it embarks on recovery, the White House said Monday night. ",Philly.com,obama,2016-06-14 06:14:00,0.131911213252772,-0.0119299401442685,0,0,0
84604,Obama seeks hike in post-presidency payments,President Obama sought to increase the amount of money available for the federal government to spend on former presidents in advance of his White House exit. ,Fox News,obama,2016-03-18 05:31:00,0,-0.0441261304060915,11023,154,317
54950,"Microsoft adds Aqua, Anomaly Warfare Earth and Lazy Riders to ...","It's that time of the month again, when Microsoft adds new games to their Backward Compatibility list for Xbox One devices that allows new",MSPoweruser.com,microsoft,2016-06-07 19:00:18,0,0.131830177128956,3,0,0
68291,Palestine: Endless struggle,"The grassroots Palestinian uprising in the towns and cities of the West Bank, including Jerusalem, has entered its fourth month against the backdrop of provocative Israeli policies and actions. ",Al-Ahram Weekly,palestine,2015-12-22 02:13:00,-0.180421959121758,0.0696357518163944,8,0,0
70723,Trump: Obama was 'sincere' when he cried about gun victims,"In a rare concession to Barack Obama, Donald Trump said he believes the president &quot;means well&quot; by taking on gun violence and that he wasn't",Politico,obama,2016-01-06 14:04:44,0.158113883008419,-0.0962250448649376,67,1,0
87124,Presidential campaign roils Obama's free trade plans,AP file photo A protester holds a placard during a rally against the Trans-Pacific Partnership in Tokyo. Donald Trump and Hillary Clinton agree,Barre Montpelier Times Argus,obama,2016-03-31 08:10:14,-0.0354341693446151,-0.0382732772309872,0,0,0
67813,Obama's Final Press Conference of 2015,"President Obama opened his last press conference of the year on Friday with a joke. “Clearly, this is not the most important thing that’s taking place in the White House today,” the president said. “There’s a screening of Star Wars.” ",The Atlantic via Yahoo! News,obama,2015-12-18 13:03:00,-0.329198896687469,-0.0690507491080361,0,0,0
25390,Microsoft migrates open-source WorldWide Telescope project to the ...,Microsoft has announced that its WorldWide Telescope (WWT) project is being offloaded from Microsoft's research division and onto the,VentureBeat,microsoft,2016-02-18 10:38:31,0,0,29,7,64
79389,Dem Governor to Obama: Every Answer You Give 'Is More Brilliant ...,"Obama laughed as he replied, """"""He is a Democrat, isn't he?"""""" Shumlin added, """"""A Republican just said that to me."""""" Follow Pam Key on Twitter @",Breitbart News,obama,2016-02-22 18:37:10,0.314974663644674,-0.0416666666666667,16,1,0
78161,Bush Takes Stronger Stance Against Senate Confirming Obama ...,"When pressed on Monday morning on his position on whether the Senate should consider a Supreme Court nominee from President Obama,",TPM,obama,2016-02-15 17:35:03,-0.309359216769115,0.258565468899418,154,4,0
84571,Obama Hikes Post-Presidency Payments,President Obama sought to increase the amount of money available for the federal government to spend on former presidents in advance of his,Washington Free Beacon,obama,2016-03-17 18:15:06,0,0.0428612962228432,1678,29,10
39818,Sad! Money: Trump's Many Incorrect Predictions On The Economy,"It's not the first time Trump has offered up his economic forecast. In the years before his current run for president, the billionaire businessman",BuzzFeed News,economy,2016-04-04 21:31:13,0.0416666666666667,-0.262384578350212,121,0,0
22963,Microsoft adopts Natick town name for undersea project,Land-locked Natick's name is now tied to underwater research. Microsoft's &quot;Project Natick&quot; explores underwater placement of data centers,Wicked Local Wellesley,microsoft,2016-02-08 01:00:31,0.0270075506703195,0.0985011310093021,0,0,0
76039,Jeb on Obama Mosque Speech: 'Appropriate to Do It'  'Important ...,"Wednesday on Hugh Hewitt's radio show, former Gov. Jeb Bush (R-FL) offered his thoughts on President Barack Obama's speech at the Islamic",Breitbart News,obama,2016-02-04 00:45:31,-0.00988211768802619,-0.165616917415124,1786,22,0
51174,"Brexit Could Tip the Economy Into Recession, U.K. Treasury Says","The U.K. economy could be plunged into a yearlong recession if Britons vote to leave the European Union in a referendum next month, the country’s treasury said. ",The Wall Street Journal,economy,2016-05-23 04:41:00,-0.113066754216661,-0.0928476690885259,24,0,3
71119,Former Football Star Trashes Obama's Gun Control Plan [VIDEO],Former football star Craig James didn't mince words when it came to his displeasure for President Obama's executive actions on gun control.,Daily Caller,obama,2016-01-07 23:04:49,0,-0.0533001790889026,261,5,1
73593,UWaterloo collaborates with a Palestinian university which serves ...,"The list includes the Palestinian Birzeit University, located north of Rammallah, the de facto interim capital of the so-called the State of Palestine",The Rebel,palestine,2016-01-20 20:45:34,-0.0883883476483184,0.127577590769957,36,0,0
104125,Ban Ki-moon's false claim of impartiality on Palestine-Israel,"The reports discussing UN Secretary General Ban Ki-moon's visit to Israel, Ramallah and Gaza read like separate narratives at first glance. ", ,palestine,2016-07-02 08:10:00,-0.0790569415042095,-0.0732877462472411,93,4,0
20604,Microsoft Exchange Server: Microsoft's secret weapon for success,"San Francisco: In reporting better-than-expected fourth quarter earnings Thursday, Microsoft CEO Satya Nadella touted his company's success in the cloud. ",IBN live,microsoft,2016-01-29 02:14:00,0.0957540432856785,0.00610731218727023,6,0,12
91204,Obama: Top intel official reviewing secret 9/11 material,President Barack Obama says the top-ranking U.S. intelligence official is reviewing classified material in a Sept. 11 report that families of attack,New Zealand Herald,obama,2016-04-19 11:55:11,0.14173667737846,-0.0260643017571343,8,0,0
70114,President Obama Talks To Jerry Seinfeld On Comedians In Cars ...,Jerry Seinfeld's Comedians In Cars Getting Coffee starts its 7th season with an interview with President Barack Obama. The series has been,The Source,obama,2016-01-03 18:04:43,0.0395284707521047,0.133250447722257,111,1,17
87729,Obama Questions Trump's Knowledge About Foreign Policy And 'The World Generally',"President Obama said Donald Trump's statements on nuclear issues show he &quot;doesn't know much about foreign policy, or nuclear policy, or the Korean Peninsula, or the world generally.&quot; ",NPR,obama,2016-04-01 16:27:00,0.113066754216661,0.18509092027174,472,6,3
104085,DHS Whistleblower: Why Obama Is 'So Adamant To Protect Islam',"Appearing this week on CBN News, former Department of Homeland Security officer Philip Haney gave an insider's perspective on the Obama",Fox News,obama,2016-07-02 03:00:14,0,0.00852413633734345,484,3,0
73112,Does the Obama Administration ever let the law stand in the way?,A recurring criticism of the Obama Administration is that it has embraced an inflated notion of executive power and disregarded legal,Washington Post,obama,2016-01-18 14:05:02,0,0.0545544725589981,61,1,0
100955,President Obama briefed on Orlando mass shooting: Thoughts ...,"ORLANDO """""" President Barack Obama was briefed Sunday morning on the mass shooting in an Orlando nightclub, the White House said.",fox6now.com,obama,2016-06-12 14:55:42,0.0441941738241592,-0.0124225998749989,70,0,0
14729,Evercore CEO: Real Economy Will Reassure Markets,"Evercore President and CEO Ralph Schlosstein discusses the global economy. He speaks on &quot;Bloomberg """"""GO"""""".&quot; (Source: Bloomberg)",Bloomberg,economy,2016-01-06 16:40:22,0.0708683386892301,0.0286769667338202,18,0,0
17386,Pre-orders open as Microsoft Surface Book prepares for NZ landing,"Microsoft will begin shipping its eagerly anticipated Surface Book from January 28 in New Zealand, three months after it was first announced.",Reseller News,microsoft,2016-01-17 20:20:27,-0.00209382878178988,0.179575138840035,1,0,10
7240,"Japan's Amari expects revised Q3 GDP growth around zero, recovery to come"," Economy Minister Akira Amari said on Sunday he expects Japan's revised gross domestic data to show zero growth in the July-September quarter, on annualised basis, which would be an improvement on the contraction shown by the preliminary data. &quot;I think revised (GDP) data will probably be zero and the economy will grow positive thereafter,&quot; Amari told a talk show on public broadcaster NHK. A ",Reuters via Yahoo! Finance,economy,2015-12-05 20:23:00,0.0771805047354187,0.0896757657532048,1,0,0
101102,Obama Is Eager to Hit the Stump for Hillary Clinton and Shred Donald Trump,"Advisers say Mr. Obama, who sees a Democratic successor as critical to his legacy, is impatient to begin campaigning and is taking nothing for granted. ",New York Times,obama,2016-06-05 21:17:00,-0.125278707146449,0.075,-1,-1,-1
97746,Three Ways Obama's New Overtime Rule Hurts the Economy and ...,"Most bad policies harm the economy in one identifiable way. But the Labor Department's new overtime rule, released on May 18, harms the",The Fiscal Times,obama,2016-05-22 14:55:27,-0.0461165492107888,-0.0717527977791479,250,1,22
454,"As China's Economy Slows, Consumers Pick Up Some of the Slack","BEIJING""""""China's economic slowdown has pummeled global suppliers of raw materials and industrial equipment, but business has remained",Wall Street Journal,economy,2015-11-04 00:00:00,0.0952692095714461,0,-1,-1,-1
21028,"High debt to GDP ratio causing economic turmoil, say experts","Speaking on the subject 'Indian Economy in Bright Spot in Global Gloom', Srinivas explained how the US, Eurozone and the Chinese crises",Times of India,economy,2016-01-31 14:09:21,-0.177878118384471,-0.0225341312703639,23,1,5
45361,"Exclusive - Brazil's Temer to overhaul economy, central bank to rescue confidence","By Lisandra Paraguassu and Alonso Soto BRASILIA (Reuters) - The board of Brazil's central bank would be replaced as part of a drive to overhaul management of the economy and adopt sweeping reforms to regain investor confidence in a possible government of Vice President Michel Temer, three people familiar with the plan told Reuters. With President Dilma Rousseff likely to be suspended by the ",Reuters via Yahoo UK & Ireland News,economy,2016-04-26 11:31:00,0.226133508433323,-0.145236348424842,0,0,0
15170,CFIB says NDP needs an emergency debate on Alberta economy,CFIB says NDP needs an emergency debate on Alberta economy ,Calgary Sun,economy,2016-01-08 15:56:00,-0.0395284707521047,-0.0395284707521047,22,0,0
